Review Date,Country of Bean Origin,Cocoa Percent,Rating
2019,Madagascar,0.76,3.75
2019,Dominican Republic,0.76,3.5
2019,Tanzania,0.76,3.25
2021,India,0.68,3.5
2021,Uganda,0.8,3.25
2021,Fiji,0.68,3.0
2021,Venezuela,0.72,3.0
2024,Venezuela,0.7,2.5
2022,Venezuela,0.78,3.0
2022,Venezuela,0.78,2.75
2023,Vietnam,0.7,2.5
2024,Tanzania,0.65,3.25
2024,India,0.7,3.0
2024,Peru,0.65,3.0
2024,Dominican Republic,0.7,3.0
2012,Peru,0.63,3.75
2012,Bolivia,0.7,3.5
2013,Venezuela,0.7,4.0
2013,Peru,0.63,4.0
2013,Ecuador,0.7,3.75
2013,Peru,0.7,3.5
2013,Brazil,0.7,3.25
2013,Papua New Guinea,0.7,3.25
2013,Peru,0.7,3.25
2013,Madagascar,0.7,3.0
2013,Burma,0.7,3.0
2013,Panama,0.7,2.75
2013,Colombia,0.7,2.75
2014,Peru,0.7,4.0
2014,Venezuela,0.7,3.75
2014,Cuba,0.7,3.5
2014,Venezuela,0.7,3.5
2014,Venezuela,0.7,2.75
2015,Togo,0.7,3.5
2015,Peru,0.7,3.5
2015,Togo,0.7,3.0
2015,Togo,0.7,2.75
2016,Sao Tome,0.63,3.75
2018,Peru,0.63,3.75
2018,Venezuela,0.7,3.5
2021,Mexico,0.7,4.0
2022,Indonesia,0.7,3.75
2022,Peru,0.7,3.5
2022,Bolivia,0.7,2.75
2024,Vietnam,0.7,3.0
2015,Peru,0.7,3.75
2015,Peru,0.7,3.75
2020,Peru,0.7,3.5
2020,Mexico,0.74,3.25
2011,Fiji,0.88,3.5
2011,Fiji,0.72,3.5
2011,Fiji,0.8,3.25
2011,Fiji,0.6,2.75
2019,Vanuatu,0.7,3.0
2019,Vanuatu,0.7,2.75
2019,Vanuatu,0.7,2.75
2019,Vanuatu,0.7,2.5
2009,Ecuador,0.7,3.0
2009,Ecuador,0.55,2.75
2009,Mexico,0.7,3.0
2010,Madagascar,0.75,2.75
2010,Brazil,0.75,2.75
2011,Indonesia,0.75,3.75
2013,Venezuela,0.75,2.5
2013,Peru,0.75,2.5
2014,Madagascar,0.75,3.0
2014,Trinidad,0.65,2.75
2014,Vietnam,0.75,2.75
2017,Mexico,0.75,3.5
2017,Ecuador,0.7,3.5
2017,Nicaragua,0.7,3.5
2017,Tanzania,0.7,3.5
2017,Vietnam,0.7,3.5
2024,Philippines,0.7,3.0
2013,Bolivia,0.8,3.25
2013,Peru,0.6,3.25
2013,Dominican Republic,0.6,3.0
2013,Bolivia,0.6,3.0
2013,Venezuela,0.6,2.5
2016,Peru,0.6,3.0
2016,Nicaragua,0.6,2.75
2016,Ecuador,0.6,2.75
2016,Bolivia,0.6,2.5
2016,Peru,0.6,2.5
2018,Dominican Republic,0.7,3.0
2007,Venezuela,0.7,3.75
2007,Madagascar,0.7,3.5
2008,Indonesia,0.7,2.75
2009,Venezuela,0.7,3.0
2010,Ecuador,0.7,4.0
2010,Dominican Republic,0.7,3.75
2010,Venezuela,0.7,3.0
2011,Papua New Guinea,0.7,4.0
2023,Venezuela,0.7,3.0
2009,Ghana,0.7,3.0
2009,Ghana,0.85,3.0
2009,Ecuador,0.7,2.75
2009,Ecuador,0.85,2.75
2017,Peru,0.7,3.5
2017,Peru,0.7,3.0
2013,Peru,0.73,3.5
2013,Peru,0.72,3.25
2015,Peru,0.68,3.5
2015,Madagascar,0.66,3.25
2015,Dominican Republic,0.75,3.25
2015,Papua New Guinea,0.63,3.25
2015,Venezuela,0.7,3.25
2015,Belize,0.64,3.0
2006,Blend,0.66,3.75
2007,Venezuela,0.7,3.75
2007,Grenada,0.7,3.5
2007,Trinidad,0.7,3.5
2007,Blend,0.63,3.5
2007,Ecuador,0.7,3.0
2007,Jamaica,0.7,3.0
2012,Peru,0.7,3.75
2018,Blend,0.75,3.5
2018,Madagascar,0.7,3.0
2018,Venezuela,0.7,3.0
2018,Venezuela,0.7,3.0
2019,Blend,0.7,2.75
2010,Brazil,0.6,4.0
2010,Brazil,0.5,3.75
2010,Brazil,0.75,3.75
2010,Brazil,0.85,2.75
2013,Brazil,0.75,3.25
2014,Dominican Republic,0.75,3.0
2016,Bolivia,0.75,3.5
2021,Guatemala,0.75,3.25
2021,Belize,0.75,3.0
2014,Madagascar,0.75,3.0
2014,Venezuela,0.75,3.0
2014,Ecuador,0.75,2.75
2014,Mexico,0.72,2.5
2015,Nicaragua,0.7,4.0
2015,Ecuador,0.7,3.75
2015,Belize,0.7,3.75
2015,Brazil,0.7,3.5
2015,Peru,0.68,3.5
2015,Dominican Republic,0.7,3.5
2015,Ecuador,0.75,3.5
2015,Guatemala,0.7,3.25
2015,Brazil,0.75,2.75
2016,Costa Rica,0.7,4.0
2016,Peru,0.7,4.0
2016,Tanzania,0.7,3.75
2016,Nicaragua,0.7,3.75
2016,Dominican Republic,0.7,3.75
2016,Trinidad,0.7,3.5
2016,Vietnam,0.73,3.5
2016,Guatemala,0.7,3.5
2016,Honduras,0.7,3.5
2016,Ecuador,0.7,3.25
2016,Ecuador,0.7,3.25
2016,Fiji,0.7,3.25
2016,Vietnam,0.73,3.25
2017,Bolivia,0.7,4.0
2017,Haiti,0.7,4.0
2017,India,0.7,3.5
2017,Madagascar,0.7,3.5
2017,Vietnam,0.73,3.5
2017,Peru,0.7,3.5
2018,Colombia,0.7,4.0
2018,Trinidad,0.7,3.0
2019,India,0.7,3.25
2019,India,0.7,3.0
2018,Nicaragua,0.7,3.5
2018,Nicaragua,0.7,3.5
2018,Nicaragua,0.7,3.25
2018,Nicaragua,0.7,3.0
2022,Nicaragua,0.8,3.75
2023,Venezuela,0.72,3.5
2023,Venezuela,0.7,3.5
2024,Venezuela,0.71,3.25
2008,Congo,0.72,3.75
2009,Dominican Republic,0.72,3.25
2009,Madagascar,0.8,3.0
2009,Peru,0.75,3.0
2009,Indonesia,0.72,2.75
2009,Venezuela,0.75,2.5
2009,Brazil,0.72,1.75
2010,Jamaica,0.72,3.75
2010,Indonesia,0.72,3.5
2010,Costa Rica,0.72,3.25
2010,Vietnam,0.72,3.25
2010,Venezuela,1.0,1.75
2011,Haiti,0.72,4.0
2011,Panama,0.72,2.75
2012,Colombia,0.72,3.75
2013,Trinidad,0.72,3.25
2013,Colombia,0.72,2.75
2021,Tanzania,0.72,3.5
2021,India,0.72,3.25
2021,Madagascar,0.72,3.25
2023,Venezuela,0.7,3.0
2023,Nicaragua,0.73,3.0
2023,Peru,0.7,3.0
2024,Peru,0.72,3.0
2007,Ecuador,0.7,3.0
2007,Mexico,0.75,2.5
2009,Philippines,0.77,3.75
2011,Tanzania,0.72,3.75
2011,Honduras,0.7,3.75
2016,Tanzania,0.68,3.75
2019,Solomon Islands,0.7,3.0
2023,France (Reunion),0.7,2.75
2018,Philippines,0.7,3.5
2018,Philippines,0.7,3.0
2018,Philippines,0.7,3.0
2018,Philippines,0.77,2.75
2021,Dominican Republic,0.7,3.0
2021,Colombia,0.7,2.5
2012,Madagascar,0.7,3.0
2012,Brazil,0.7,2.5
2012,Blend,0.7,2.5
2015,Papua New Guinea,0.7,3.5
2015,Blend,0.8,3.25
2018,Brazil,0.7,3.0
2015,Peru,0.7,3.5
2015,Peru,0.7,2.75
2019,Tanzania,0.72,3.25
2019,Uganda,0.82,2.75
2019,Belize,0.72,2.5
2012,Madagascar,0.7,3.75
2012,Mexico,0.7,3.5
2012,Dominican Republic,0.7,3.25
2014,Peru,0.7,4.0
2015,Brazil,0.7,3.5
2017,Costa Rica,0.72,3.5
2017,Trinidad,0.8,3.5
2012,Costa Rica,0.8,2.75
2022,Madagascar,0.7,3.5
2022,Guatemala,0.65,3.25
2016,Brazil,0.7,3.75
2016,Dominican Republic,0.65,3.5
2016,Ecuador,0.65,3.25
2019,Peru,0.7,2.25
2023,Peru,0.7,3.25
2023,India,0.7,3.25
2017,Malaysia,0.72,3.25
2017,Malaysia,0.73,3.0
2016,Brazil,0.8,2.75
2016,Dominican Republic,0.7,2.75
2016,Ecuador,0.7,2.75
2016,Ecuador,0.9,2.75
2010,Ecuador,0.71,3.5
2010,Costa Rica,0.64,2.75
2010,Papua New Guinea,0.64,2.75
2010,Peru,0.64,2.75
2016,Tanzania,0.7,3.5
2016,Dominican Republic,0.7,3.5
2016,Bolivia,0.7,3.25
2024,El Salvador,0.7,3.0
2018,Vietnam,0.75,3.25
2021,Vietnam,0.7,3.75
2022,Vietnam,0.7,2.5
2022,Vietnam,0.75,2.5
2016,Belize,0.83,3.5
2016,Belize,0.78,3.0
2016,Belize,0.83,2.75
2018,Vietnam,0.72,3.0
2018,India,0.72,3.0
2018,Malaysia,0.72,3.0
2011,Indonesia,0.72,4.0
2011,Madagascar,0.72,3.75
2013,Ecuador,0.73,4.0
2013,Cuba,0.74,3.5
2013,Venezuela,0.74,3.5
2013,Venezuela,0.74,3.5
2022,Ecuador,0.73,3.5
2022,Venezuela,0.74,3.0
2012,Blend,0.55,2.75
2010,Indonesia,0.64,3.5
2010,Venezuela,0.72,3.5
2010,Venezuela,0.7,3.25
2010,Venezuela,0.74,3.25
2011,Ecuador,0.72,4.0
2011,Venezuela,0.72,3.5
2011,Madagascar,0.64,3.0
2011,Venezuela,0.88,3.0
2015,Belize,0.86,3.25
2015,Nicaragua,0.76,2.5
2015,Costa Rica,0.76,2.5
2015,Costa Rica,0.78,2.5
2018,Venezuela,0.7,3.5
2018,Venezuela,0.7,3.0
2018,Venezuela,0.7,3.0
2008,Dominican Republic,0.68,3.75
2008,Panama,0.75,3.5
2008,Madagascar,0.71,3.0
2008,Ghana,0.7,3.0
2009,Dominican Republic,0.65,3.5
2009,Madagascar,0.65,3.5
2009,Madagascar,0.75,3.25
2009,Dominican Republic,0.75,3.0
2010,Blend,0.7,3.75
2010,Indonesia,0.75,3.25
2010,Madagascar,0.7,3.0
2010,Venezuela,0.78,3.0
2010,Indonesia,0.65,2.75
2012,Ghana,0.72,3.5
2018,Dominican Republic,0.7,3.25
2018,Haiti,0.7,3.0
2018,Guatemala,0.7,3.0
2023,Belize,0.7,3.0
2008,Nicaragua,0.7,3.0
2008,Dominican Republic,0.7,2.75
2008,Venezuela,0.7,2.75
2021,Dominican Republic,0.7,3.75
2014,Jamaica,0.7,2.75
2021,Colombia,0.72,3.25
2021,Belize,0.72,3.25
2009,Blend,0.72,2.75
2013,Congo,0.82,3.5
2012,Madagascar,0.7,3.75
2012,Guatemala,0.7,3.5
2016,Madagascar,0.82,3.5
2016,Tanzania,0.75,3.5
2016,Dominican Republic,0.75,3.0
2016,Guatemala,0.75,2.75
2017,Belize,0.7,2.75
2019,Malaysia,0.74,3.25
2019,Malaysia,0.72,2.75
2019,Malaysia,0.68,2.5
2006,Venezuela,0.75,4.0
2006,Venezuela,0.75,4.0
2006,Blend,0.75,3.75
2006,Venezuela,0.75,3.75
2006,Madagascar,0.75,3.75
2006,Sri Lanka,0.75,3.0
2006,Blend,1.0,1.5
2007,Ecuador,0.75,2.5
2008,Venezuela,0.75,4.0
2009,Ivory Coast,0.75,3.0
2009,Mexico,0.75,3.0
2009,Mexico,0.75,3.0
2009,Peru,0.75,2.75
2011,Haiti,0.75,4.0
2011,Madagascar,0.75,4.0
2011,Brazil,0.75,3.75
2011,Cuba,0.75,3.5
2011,Peru,0.75,3.5
2011,Peru,0.75,3.5
2011,Brazil,0.75,3.5
2011,Jamaica,0.75,3.25
2013,Brazil,0.75,3.5
2013,Gabon,0.75,3.25
2014,Brazil,0.75,4.0
2014,Blend,0.65,3.75
2014,Dominican Republic,0.75,3.25
2016,Mexico,0.75,3.5
2018,Peru,0.75,4.0
2018,Blend,0.75,4.0
2021,Nicaragua,0.75,3.75
2022,Philippines,0.75,3.5
2023,Uganda,0.75,3.25
2023,Mexico,0.75,2.75
2009,Ecuador,0.77,3.25
2009,Ecuador,1.0,1.5
2014,Belize,0.7,2.75
2014,Dominican Republic,0.7,2.75
2018,Bolivia,0.7,4.0
2018,Peru,0.7,3.75
2018,Ecuador,0.75,3.5
2021,Tanzania,0.62,3.0
2013,Ghana,0.75,3.5
2013,Venezuela,0.85,3.5
2013,Ecuador,0.7,3.25
2013,Dominican Republic,0.72,3.0
2014,Venezuela,0.7,4.0
2014,Belize,0.7,3.75
2015,Dominican Republic,0.68,3.75
2016,Nicaragua,0.7,3.75
2016,Venezuela,0.7,3.5
2017,Ecuador,0.75,3.75
2017,Dominican Republic,0.7,3.25
2015,Guatemala,0.7,3.5
2015,Dominican Republic,0.8,3.25
2015,Belize,0.8,3.25
2015,Madagascar,0.6,3.25
2015,Dominican Republic,0.6,3.0
2015,Madagascar,0.8,2.75
2013,Jamaica,0.7,3.0
2014,Dominican Republic,0.7,3.5
2014,Ecuador,0.72,3.5
2014,Madagascar,0.72,3.0
2014,Trinidad,0.68,2.75
2015,Ecuador,0.7,3.25
2013,Dominican Republic,0.68,2.75
2018,Guatemala,0.7,3.0
2018,Bolivia,0.7,2.5
2014,Ecuador,0.72,3.5
2014,Trinidad,0.72,3.25
2014,Belize,0.72,3.25
2014,Blend,0.72,3.25
2014,Ecuador,0.6,2.5
2022,Bolivia,0.72,3.0
2019,Ecuador,0.7,3.0
2019,Philippines,0.7,3.5
2019,Taiwan,0.7,3.25
2019,Bolivia,0.7,3.75
2019,Guatemala,0.7,3.5
2019,Guatemala,0.7,3.0
2015,Puerto Rico,0.7,2.5
2010,Dominican Republic,0.75,2.75
2010,Dominican Republic,0.75,2.5
2010,Venezuela,0.75,2.25
2014,Peru,0.75,2.5
2007,Mexico,0.66,3.0
2007,Venezuela,0.72,2.0
2008,Tanzania,0.75,2.0
2010,Dominican Republic,0.7,3.0
2016,Haiti,0.65,3.5
2018,Colombia,0.72,3.75
2018,Colombia,0.72,3.0
2018,Colombia,0.72,2.5
2014,Venezuela,0.7,3.75
2014,Venezuela,0.75,3.5
2014,Venezuela,0.74,3.25
2014,Venezuela,0.75,2.5
2015,Venezuela,0.77,3.5
2015,Venezuela,0.74,3.25
2015,Venezuela,0.75,3.25
2018,Venezuela,0.75,2.75
2019,Venezuela,0.7,3.0
2019,Venezuela,0.75,2.5
2018,Venezuela,0.7,3.0
2014,Colombia,0.64,3.5
2014,Colombia,0.7,3.5
2014,Colombia,0.7,3.25
2014,Colombia,0.69,2.75
2015,Colombia,0.72,3.75
2016,Colombia,0.71,3.75
2016,Colombia,0.74,3.75
2016,Honduras,0.7,3.5
2011,Dominican Republic,0.66,3.75
2011,Dominican Republic,0.65,3.25
2011,Dominican Republic,0.72,3.0
2012,Dominican Republic,0.72,3.75
2009,Mexico,0.7,4.0
2009,Mexico,0.7,4.0
2010,Papua New Guinea,0.71,4.0
2010,Ecuador,0.71,3.75
2010,Madagascar,0.71,3.5
2010,Venezuela,0.71,3.5
2010,Venezuela,0.77,3.5
2010,Grenada,0.71,3.25
2016,Congo,0.7,3.5
2020,Ecuador,0.72,3.0
2020,Dominican Republic,0.72,2.75
2020,Peru,0.72,2.75
2015,Vietnam,0.7,3.5
2015,Peru,0.7,3.25
2015,Madagascar,0.7,3.0
2024,Mexico,0.7,3.25
2024,Venezuela,0.7,3.25
2018,Ecuador,0.7,3.5
2018,Dominican Republic,0.7,3.25
2018,Ghana,0.7,3.0
2021,Peru,0.7,4.0
2021,Peru,0.7,3.5
2021,Peru,0.7,3.5
2021,Peru,0.8,3.5
2008,Ecuador,0.63,3.5
2008,Ecuador,0.71,3.5
2008,Ecuador,0.82,2.5
2008,Ecuador,0.91,1.5
2007,Ecuador,0.7,1.0
2008,Grenada,0.6,2.75
2011,Trinidad,0.7,2.5
2011,Sao Tome,0.78,2.25
2012,Venezuela,0.8,3.0
2013,Ecuador,1.0,3.5
2014,Blend,0.7,3.5
2014,Dominican Republic,0.72,3.0
2014,Cuba,0.75,2.5
2016,Brazil,0.7,3.25
2016,Venezuela,0.7,3.0
2016,Bolivia,0.75,3.0
2016,Tanzania,0.73,2.75
2016,Venezuela,0.75,2.5
2021,Colombia,0.7,3.75
2021,Colombia,0.7,3.5
2021,Colombia,0.7,3.25
2021,Colombia,0.7,3.25
2008,Ecuador,0.55,3.5
2008,Ecuador,0.55,3.25
2008,Ecuador,0.55,3.0
2008,Ecuador,0.77,2.75
2008,Ecuador,0.77,2.5
2008,Ecuador,0.77,2.0
2014,Papua New Guinea,0.7,3.75
2014,Papua New Guinea,0.7,3.5
2021,Tanzania,0.7,3.25
2021,Peru,0.7,3.25
2021,Mexico,0.7,3.25
2021,Nicaragua,0.7,3.0
2012,Costa Rica,0.72,3.0
2012,Costa Rica,0.8,2.75
2015,Guatemala,0.72,3.5
2015,Costa Rica,0.72,3.5
2015,Costa Rica,0.72,3.25
2016,Colombia,0.65,3.5
2016,Colombia,0.65,3.5
2016,Colombia,0.65,3.25
2016,Colombia,0.65,3.25
2016,Colombia,0.65,3.0
2018,Blend,0.75,2.0
2019,Brazil,0.65,3.25
2019,Brazil,0.71,3.0
2013,Dominican Republic,0.73,3.5
2013,Venezuela,0.7,3.25
2013,Nicaragua,0.72,3.25
2013,Bolivia,0.7,3.0
2013,Venezuela,0.72,3.0
2013,Peru,0.7,2.75
2013,Peru,0.7,2.5
2014,Colombia,0.72,3.5
2014,Colombia,0.76,3.5
2014,Dominican Republic,0.7,2.75
2015,Dominican Republic,0.7,3.75
2015,Honduras,0.72,3.5
2016,Belize,0.72,4.0
2017,Venezuela,0.7,3.25
2019,Mexico,0.7,3.75
2019,Puerto Rico,0.7,3.5
2021,Peru,0.7,4.0
2021,Venezuela,0.72,4.0
2023,Peru,0.7,4.0
2023,Venezuela,0.72,3.75
2023,Dominican Republic,0.72,3.75
2023,Peru,0.7,3.5
2024,Philippines,0.72,3.25
2022,Cuba,0.72,3.0
2022,Madagascar,0.74,2.75
2022,Trinidad,0.75,2.5
2014,Bolivia,0.7,3.0
2014,Peru,0.7,2.75
2014,Venezuela,0.7,2.75
2014,Ecuador,0.7,2.5
2009,Ecuador,0.72,2.75
2014,Uganda,0.7,2.75
2021,Peru,0.72,3.25
2021,Madagascar,0.7,3.0
2021,Belize,0.7,3.0
2017,Bolivia,0.74,3.0
2018,Venezuela,0.68,3.5
2016,Belize,0.7,3.25
2008,Ecuador,0.75,3.0
2010,Ecuador,0.55,2.75
2014,Costa Rica,0.7,3.5
2018,Peru,0.72,3.0
2019,Ecuador,0.72,3.5
2021,Colombia,0.83,3.25
2021,Dominican Republic,0.69,3.25
2011,Blend,0.7,3.5
2015,Ecuador,0.7,3.25
2014,Belize,0.82,3.25
2014,Belize,0.75,3.0
2015,Malaysia,0.7,3.5
2015,Vietnam,0.7,2.75
2019,Dominican Republic,0.71,3.25
2019,Nicaragua,0.72,2.5
2023,Guatemala,0.8,3.25
2015,Peru,0.65,2.75
2015,Peru,0.65,2.5
2015,Dominican Republic,0.8,2.5
2019,Madagascar,0.74,3.0
2011,Madagascar,0.7,3.75
2011,Venezuela,0.68,3.75
2016,Peru,0.9,2.5
2016,Blend,0.8,2.5
2016,Ecuador,0.7,3.25
2016,Dominican Republic,0.6,3.0
2016,Dominican Republic,0.75,3.0
2016,Venezuela,0.8,3.0
2016,Uganda,0.7,2.75
2016,Nicaragua,0.8,2.75
2016,Bolivia,0.7,2.5
2014,Peru,0.74,2.75
2023,Haiti,0.69,3.0
2023,Dominican Republic,0.75,3.0
2023,Madagascar,0.7,3.0
2015,Peru,0.8,3.75
2015,Congo,0.68,3.5
2015,Dominican Republic,0.75,3.25
2023,Colombia,0.7,3.5
2023,Vietnam,0.7,3.25
2023,Madagascar,0.7,2.5
2023,Colombia,0.7,2.5
2012,Madagascar,0.72,3.25
2012,Peru,0.68,2.75
2012,Ecuador,0.82,2.5
2013,Peru,0.7,3.75
2015,Peru,0.69,3.75
2015,Venezuela,0.8,3.75
2021,Venezuela,0.7,2.75
2018,Dominican Republic,0.72,3.25
2019,India,0.7,3.0
2014,Mexico,0.7,2.5
2018,Guatemala,0.76,2.75
2018,Peru,0.7,2.75
2018,India,0.63,2.5
2015,Venezuela,0.77,3.0
2011,Mexico,0.65,3.25
2016,Mexico,0.75,3.25
2021,Belize,0.7,3.5
2021,Guatemala,0.7,3.25
2021,Dominican Republic,0.73,3.25
2007,Blend,0.7,3.0
2007,Ecuador,0.71,2.5
2007,Grenada,0.71,2.5
2008,Venezuela,0.71,3.5
2009,Blend,0.6,3.25
2009,Blend,0.75,3.25
2010,Madagascar,0.71,3.5
2010,Mexico,0.71,3.25
2015,Mexico,0.65,2.5
2015,Mexico,0.75,2.5
2024,Nicaragua,0.7,3.0
2009,Brazil,0.7,3.0
2009,Brazil,0.8,3.0
2009,Venezuela,0.7,3.0
2009,Mexico,0.7,2.75
2009,Venezuela,0.8,2.5
2020,Madagascar,0.67,4.0
2020,Venezuela,0.75,3.75
2020,Belize,0.7,3.75
2020,Guatemala,0.7,3.5
2021,Bolivia,0.75,3.75
2021,Tanzania,0.75,3.5
2023,Venezuela,0.75,2.5
2013,Martinique,0.42,2.75
2018,Peru,0.7,2.75
2018,Peru,0.75,3.75
2019,Brazil,0.7,4.0
2019,Dominican Republic,0.72,3.75
2019,Ecuador,0.73,3.5
2019,Tanzania,0.72,3.5
2019,Costa Rica,0.7,3.25
2019,Vietnam,0.72,3.0
2023,Madagascar,0.7,3.5
2011,Peru,0.68,3.75
2009,Venezuela,0.61,3.0
2010,Venezuela,0.77,2.75
2008,Blend,0.75,3.75
2008,Blend,0.8,3.0
2008,Blend,1.0,1.0
2010,Blend,0.735,3.75
2021,Dominican Republic,0.7,3.5
2021,Haiti,0.79,3.5
2015,Ecuador,0.73,3.5
2020,Peru,0.7,3.5
2019,St. Lucia,0.7,2.25
2021,Madagascar,0.77,3.25
2021,Colombia,0.7,3.25
2021,Peru,0.68,3.0
2008,Venezuela,0.7,3.75
2008,Bolivia,0.72,3.25
2008,Venezuela,0.8,2.75
2008,Ecuador,0.88,2.75
2010,Venezuela,0.7,3.25
2024,India,0.7,3.5
2024,Tanzania,0.7,3.5
2024,Haiti,0.7,3.5
2024,Belize,0.7,3.5
2024,Grenada,0.7,3.25
2024,Ecuador,0.7,3.25
2024,Ghana,0.7,3.0
2024,Venezuela,0.7,3.0
2015,Ecuador,0.76,3.5
2016,Vietnam,0.78,2.75
2021,Tanzania,0.75,3.5
2021,Peru,0.68,3.25
2021,Philippines,0.7,2.5
2021,Ivory Coast,0.7,2.5
2024,Ghana,0.7,2.75
2007,Madagascar,0.72,3.0
2008,Mexico,0.72,3.0
2008,Venezuela,0.72,3.0
2009,Venezuela,0.7,3.75
2009,Venezuela,0.7,3.5
2009,Peru,0.62,3.25
2009,Peru,0.72,3.0
2010,Grenada,0.72,3.25
2010,Jamaica,0.72,3.25
2010,Venezuela,0.72,3.25
2010,Venezuela,0.7,3.0
2010,Trinidad,0.72,3.0
2010,Ecuador,0.72,2.5
2012,Blend,0.72,3.75
2012,Ghana,0.85,3.5
2012,Madagascar,0.7,3.5
2012,Ecuador,1.0,1.5
2013,Ecuador,0.65,3.25
2017,Ghana,0.75,3.75
2006,Blend,0.7,1.0
2012,Papua New Guinea,0.75,3.5
2012,Tanzania,0.75,3.25
2012,Brazil,0.65,3.25
2012,Fiji,0.67,3.25
2012,Vanuatu,0.64,3.25
2014,Vanuatu,0.83,2.75
2014,Papua New Guinea,0.7,2.5
2016,Ecuador,0.73,3.75
2016,Ecuador,0.85,3.25
2020,Honduras,0.7,3.5
2020,Dominican Republic,0.7,3.25
2020,Colombia,0.7,3.25
2020,Ecuador,0.7,3.25
2021,India,0.7,3.75
2022,Guatemala,0.72,3.5
2022,Nicaragua,0.72,3.5
2022,Honduras,0.72,3.0
2020,Haiti,0.7,3.5
2020,Belize,0.75,3.5
2020,Mexico,0.7,3.5
2020,Guatemala,0.7,3.25
2021,Mexico,0.73,3.75
2011,Australia,0.7,3.25
2015,Australia,0.7,2.75
2017,Dominican Republic,0.72,2.75
2015,Ecuador,0.7,3.5
2015,Trinidad,0.7,3.0
2015,Nicaragua,0.7,2.75
2015,Grenada,0.7,2.25
2018,Blend,0.65,2.5
2021,Peru,0.72,3.5
2021,India,0.72,3.0
2021,Puerto Rico,0.68,2.5
2012,Dominican Republic,0.7,3.75
2012,Colombia,0.7,3.25
2012,Costa Rica,0.7,3.0
2013,Venezuela,0.7,3.5
2013,Papua New Guinea,0.7,3.5
2013,Venezuela,0.7,3.25
2013,Venezuela,0.7,2.75
2014,Dominican Republic,0.7,3.75
2014,Belize,0.7,3.5
2014,Ecuador,0.7,3.5
2014,Liberia,0.7,2.75
2015,Belize,0.7,3.0
2016,Dominican Republic,0.7,3.75
2017,Costa Rica,0.7,3.0
2018,India,0.7,3.5
2018,Honduras,0.7,3.25
2018,Sierra Leone,0.7,3.0
2019,Vietnam,0.7,3.5
2021,Brazil,0.7,4.0
2021,Tanzania,0.7,3.5
2021,Dominican Republic,0.7,3.5
2021,Peru,0.7,3.25
2021,India,0.7,3.25
2021,Guatemala,0.7,2.75
2021,India,0.7,2.75
2011,Dominican Republic,0.7,3.25
2011,Madagascar,0.7,3.25
2011,Tanzania,0.7,3.25
2021,Dominican Republic,0.7,3.0
2009,Guatemala,0.6,3.25
2009,Guatemala,0.75,3.0
2011,Guatemala,0.6,3.5
2012,Guatemala,0.7,4.0
2012,Guatemala,0.7,3.75
2012,Madagascar,0.7,3.75
2012,Guatemala,0.7,3.25
2012,Venezuela,0.75,3.0
2014,Guatemala,0.82,3.25
2016,Blend,0.7,3.25
2016,Vietnam,0.72,3.0
2016,Venezuela,0.72,2.75
2022,Costa Rica,0.72,3.75
2019,Vietnam,0.7,3.25
2019,Peru,0.72,3.0
2015,Venezuela,0.7,3.25
2015,Ecuador,0.7,3.25
2015,Madagascar,0.7,3.0
2015,Tanzania,0.7,3.0
2016,Bolivia,0.75,3.25
2012,Blend,0.58,3.25
2013,Dominican Republic,0.7,2.75
2013,Venezuela,0.7,2.75
2013,Ghana,0.7,2.5
2015,Brazil,0.72,3.5
2015,Brazil,0.65,3.5
2016,Madagascar,0.7,3.0
2016,Uganda,0.7,2.5
2007,Costa Rica,0.64,3.0
2007,Ecuador,0.71,3.0
2007,Ghana,0.6,3.0
2007,Papua New Guinea,0.64,3.0
2007,Peru,0.64,3.0
2007,Madagascar,0.66,2.5
2008,Venezuela,0.66,3.75
2009,Papua New Guinea,0.64,3.0
2024,Ecuador,0.72,4.0
2024,Tanzania,0.72,3.75
2024,Uganda,0.75,3.5
2024,Peru,0.72,3.5
2024,Thailand,0.7,3.25
2018,Dominican Republic,0.8,3.0
2018,Dominican Republic,0.7,2.5
2018,Dominican Republic,0.7,2.5
2016,Tanzania,0.72,2.5
2019,Guatemala,0.72,3.0
2007,Costa Rica,0.77,3.5
2007,Dominican Republic,0.77,3.5
2008,Bolivia,0.8,2.75
2011,Ecuador,0.7,3.25
2011,Dominican Republic,0.74,3.0
2011,Madagascar,0.8,2.75
2011,Venezuela,0.75,2.75
2012,Bolivia,0.75,2.75
2013,Ecuador,0.76,3.5
2013,Ecuador,0.7,3.25
2014,Dominican Republic,0.74,3.5
2015,Bolivia,0.7,3.75
2016,Vietnam,0.78,3.5
2017,Solomon Islands,0.72,4.0
2017,Guatemala,0.7,3.75
2017,Brazil,0.75,3.75
2018,Fiji,0.8,3.75
2019,Belize,0.72,4.0
2019,Madagascar,0.72,3.75
2020,Blend,0.73,3.5
2021,Mexico,0.72,4.0
2021,Jamaica,0.75,3.75
2022,Madagascar,0.63,3.0
2022,Peru,0.65,2.75
2022,Vietnam,0.7,2.75
2022,Bali,0.65,2.5
2019,Sao Tome,0.65,3.0
2019,Sao Tome,0.75,3.0
2019,Sao Tome,0.7,2.75
2019,Sao Tome,0.75,2.5
2024,Colombia,0.75,2.75
2014,Nicaragua,0.72,3.5
2014,Panama,0.72,3.25
2014,Venezuela,0.72,3.25
2015,Venezuela,0.85,3.0
2009,U.S.A.,0.7,3.75
2006,Blend,0.7,1.5
2008,Blend,0.88,3.0
2006,Venezuela,0.7,3.5
2006,Peru,0.7,3.25
2006,Venezuela,0.7,3.0
2007,Venezuela,0.7,4.0
2007,Ecuador,0.7,4.0
2007,Venezuela,0.7,4.0
2007,Indonesia,0.7,3.75
2007,Madagascar,0.7,3.5
2007,Madagascar,0.7,3.5
2007,Venezuela,0.75,3.25
2007,Venezuela,0.6,3.25
2008,Blend,0.7,3.75
2008,Blend,0.78,3.5
2008,Venezuela,0.7,3.0
2008,Colombia,0.7,3.0
2010,Venezuela,0.7,3.0
2011,Venezuela,0.7,3.5
2012,Venezuela,0.7,3.75
2012,Tanzania,0.7,3.5
2013,Venezuela,1.0,3.0
2015,Ecuador,0.7,3.75
2015,Venezuela,0.7,3.75
2018,Tanzania,0.7,4.0
2022,Brazil,0.7,3.5
2015,Colombia,0.8,2.75
2015,Madagascar,0.77,2.75
2015,Venezuela,0.7,2.5
2016,Grenada,0.75,2.75
2018,Guatemala,0.72,3.5
2018,Peru,0.8,3.5
2018,Philippines,0.715,2.75
2021,Belize,0.78,3.25
2019,Dominican Republic,0.75,3.0
2019,Tanzania,0.7,2.75
2019,Dominican Republic,0.75,2.5
2022,Dominican Republic,0.7,3.25
2022,Haiti,0.7,3.25
2022,Nicaragua,0.75,2.75
2023,Peru,0.7,3.5
2023,Haiti,0.6,3.0
2023,Peru,0.75,3.0
2023,Peru,0.75,3.0
2023,Peru,0.6,3.0
2023,Mexico,0.7,3.0
2010,Ecuador,0.72,3.75
2010,Peru,0.7,3.75
2010,Panama,0.7,3.5
2010,Ecuador,0.7,2.5
2011,Honduras,0.72,3.75
2011,Dominican Republic,0.65,3.5
2011,Venezuela,0.71,3.5
2011,Nicaragua,0.71,3.25
2011,Panama,0.72,3.0
2012,Venezuela,0.72,3.75
2014,Nicaragua,0.76,3.75
2014,Nicaragua,0.7,3.5
2015,Guatemala,0.7,4.0
2017,Nigeria,0.7,2.75
2018,Guatemala,0.8,3.25
2019,Philippines,0.7,3.5
2021,Nicaragua,0.7,3.5
2015,Dominican Republic,0.7,3.25
2012,Madagascar,0.82,2.75
2015,Ecuador,0.7,4.0
2015,Peru,0.7,3.5
2015,Venezuela,0.7,3.5
2015,Dominican Republic,0.7,3.25
2015,Venezuela,0.7,3.25
2018,Peru,0.7,4.0
2022,Dominican Republic,0.7,3.0
2014,Dominican Republic,0.7,3.75
2014,Madagascar,0.7,3.5
2014,Peru,0.7,3.25
2016,Colombia,0.7,3.25
2016,Colombia,0.7,3.25
2012,Peru,0.72,2.75
2019,Peru,0.8,3.5
2016,Venezuela,0.68,3.0
2022,Vietnam,0.7,3.5
2022,Colombia,0.7,3.5
2022,Tanzania,0.7,3.25
2022,Vietnam,0.62,3.25
2022,Trinidad,0.7,3.0
2022,Dominican Republic,0.7,3.0
2020,Madagascar,0.7,3.0
2020,Colombia,0.7,3.0
2008,Bolivia,0.71,2.75
2011,Bolivia,0.75,3.75
2006,Venezuela,0.7,2.75
2008,Venezuela,0.61,3.0
2008,Venezuela,0.74,2.5
2008,Venezuela,0.58,2.5
2009,Venezuela,0.7,3.0
2009,Venezuela,0.605,2.75
2015,Venezuela,0.7,3.75
2019,Guatemala,0.7,3.5
2022,Uganda,0.7,3.75
2022,Tanzania,0.7,3.5
2022,Belize,0.7,3.5
2022,Madagascar,0.7,3.25
2022,Ecuador,0.7,3.0
2022,Dominican Republic,0.7,3.0
2024,Philippines,0.74,3.0
2013,St. Lucia,0.7,3.25
2013,St. Lucia,0.6,2.75
2015,Peru,0.78,3.5
2015,Venezuela,0.79,3.0
2018,Haiti,0.7,3.5
2018,Guatemala,0.7,3.5
2018,Madagascar,0.7,3.5
2018,Dominican Republic,0.7,3.25
2016,Honduras,0.75,3.25
2018,Vietnam,0.72,3.0
2019,Trinidad,0.72,3.5
2019,Tanzania,0.8,3.0
2019,Sierra Leone,0.7,2.5
2010,Blend,0.8,3.25
2014,Vietnam,0.7,3.25
2014,Vietnam,0.74,3.25
2014,Vietnam,0.8,3.0
2008,Venezuela,0.72,3.0
2009,Venezuela,0.81,3.5
2009,Blend,0.74,2.75
2009,Costa Rica,0.65,2.0
2012,Venezuela,0.7,2.75
2021,Colombia,0.7,3.5
2021,Blend,0.65,3.0
2023,Uganda,0.8,3.25
2011,Blend,0.62,2.75
2011,Blend,0.55,2.5
2011,Trinidad,0.55,2.5
2011,Venezuela,0.7,2.5
2011,Blend,0.62,2.5
2014,Dominican Republic,0.8,3.75
2014,Ecuador,0.8,3.5
2014,Belize,0.8,3.0
2018,Guatemala,0.8,3.5
2021,Uganda,0.7,3.0
2023,Haiti,0.7,2.5
2019,Peru,0.73,3.0
2010,Brazil,0.75,2.75
2016,Jamaica,0.76,3.0
2016,Belize,0.76,2.75
2016,Venezuela,0.76,2.5
2006,Bolivia,0.68,4.0
2006,Ecuador,0.72,3.5
2006,Madagascar,0.64,3.0
2006,Venezuela,0.65,3.0
2006,Dominican Republic,0.74,3.0
2006,Blend,0.62,2.0
2010,Grenada,0.58,3.5
2024,Mexico,0.73,3.25
2024,Mexico,0.71,3.0
2024,Mexico,0.7,2.5
2014,Dominican Republic,0.7,3.25
2014,Dominican Republic,0.8,3.0
2014,Dominican Republic,0.85,2.5
2014,Puerto Rico,0.65,2.25
2020,Blend,0.7,3.25
2020,Mexico,0.7,3.0
2020,Honduras,0.7,2.75
2020,Colombia,0.7,2.75
2019,Vanuatu,0.72,3.75
2019,Papua New Guinea,0.72,3.5
2019,Solomon Islands,0.69,3.5
2019,Philippines,0.73,3.25
2018,Dominican Republic,0.75,3.5
2018,Colombia,0.75,3.0
2018,Belize,0.75,2.75
2018,Guatemala,0.75,2.75
2018,India,0.68,3.5
2018,Tanzania,0.7,3.5
2018,Madagascar,0.7,3.0
2014,Peru,0.72,2.75
2016,Dominican Republic,0.7,2.75
2016,Dominican Republic,0.8,2.75
2016,Tanzania,0.67,3.75
2016,Ecuador,0.75,3.5
2016,Madagascar,0.7,2.75
2018,Haiti,0.68,3.5
2018,Philippines,0.7,3.25
2018,Bolivia,0.7,3.0
2018,Indonesia,0.7,3.0
2018,Dominican Republic,0.72,2.75
2019,Madagascar,0.7,3.5
2019,Mexico,0.7,3.0
2021,Indonesia,0.72,3.5
2021,Malaysia,0.72,3.5
2019,Ecuador,0.7,3.75
2019,Peru,0.7,3.75
2019,Tanzania,0.7,3.25
2019,Papua New Guinea,0.7,3.0
2019,Bolivia,0.7,3.0
2019,Vanuatu,0.7,3.0
2019,Colombia,0.7,3.0
2012,Venezuela,0.7,3.75
2012,Venezuela,0.6,3.5
2014,Venezuela,0.7,3.75
2014,Venezuela,0.7,3.5
2018,Venezuela,0.72,3.5
2018,Venezuela,0.7,3.25
2018,Venezuela,0.7,3.0
2018,Venezuela,0.85,3.0
2018,Venezuela,0.6,2.5
2014,Ghana,0.6,3.5
2014,Madagascar,0.65,3.5
2015,Costa Rica,0.7,3.5
2015,Peru,0.75,3.5
2015,Vietnam,0.8,3.0
2011,Peru,0.7,3.5
2011,Dominican Republic,0.65,3.5
2012,Peru,0.66,3.5
2012,Peru,0.7,2.5
2012,Peru,0.81,2.0
2013,Peru,0.66,3.5
2014,Nicaragua,0.68,3.25
2014,Costa Rica,0.8,3.0
2015,Guatemala,0.73,3.5
2017,Peru,0.7,3.5
2019,India,0.71,3.25
2009,Venezuela,0.65,3.5
2009,Jamaica,0.7,3.25
2009,Jamaica,0.7,3.0
2009,Jamaica,0.8,2.75
2011,Venezuela,0.7,4.0
2011,Dominican Republic,0.72,3.5
2011,Jamaica,0.7,3.5
2011,Jamaica,0.7,3.25
2011,Dominican Republic,0.72,3.25
2011,Venezuela,0.76,3.25
2011,Madagascar,0.74,3.0
2011,Ghana,0.74,2.75
2011,Madagascar,0.74,2.75
2012,Madagascar,0.74,4.0
2012,Papua New Guinea,0.69,4.0
2012,Papua New Guinea,0.69,3.5
2012,Papua New Guinea,0.69,3.5
2012,Papua New Guinea,0.69,3.0
2013,Peru,0.7,4.0
2013,Dominican Republic,0.72,3.75
2013,Peru,0.7,3.75
2013,Dominican Republic,0.72,3.25
2014,Peru,0.7,3.5
2014,Peru,0.7,3.5
2014,Peru,0.7,3.5
2014,Peru,0.7,3.0
2017,Guatemala,0.7,3.75
2017,Guatemala,0.7,3.5
2017,Guatemala,0.7,3.5
2018,Venezuela,0.72,3.5
2018,Venezuela,0.72,3.25
2021,Venezuela,0.68,4.0
2021,Nicaragua,0.7,3.75
2021,Ghana,0.68,3.5
2021,Nicaragua,0.7,3.5
2021,Madagascar,0.7,3.5
2021,Ghana,0.68,3.25
2021,Peru,0.74,3.25
2021,Peru,0.74,3.0
2022,Venezuela,0.82,3.25
2024,Ghana,0.7,3.5
2024,Ghana,0.7,3.5
2017,Tanzania,0.7,3.75
2017,Brazil,0.7,3.5
2014,Peru,0.7,4.0
2014,Belize,0.7,3.5
2014,Madagascar,0.7,3.5
2016,Nicaragua,0.7,3.5
2017,Nicaragua,0.7,3.75
2018,Guatemala,0.7,4.0
2018,Nicaragua,0.7,4.0
2018,Nicaragua,0.7,3.75
2018,Nicaragua,0.7,3.75
2018,Nicaragua,0.7,3.75
2018,Nicaragua,0.68,3.5
2018,Nicaragua,0.7,3.5
2018,Nicaragua,0.7,3.25
2018,Nicaragua,0.7,3.25
2018,Nicaragua,0.6,3.0
2018,Nicaragua,0.7,3.0
2022,Madagascar,0.64,3.75
2022,Nicaragua,0.7,3.5
2022,Madagascar,0.64,3.5
2011,Nicaragua,0.7,3.5
2011,Nicaragua,0.7,3.5
2011,Nicaragua,0.7,3.25
2012,Nicaragua,0.7,3.75
2012,Nicaragua,0.7,3.25
2012,Honduras,0.7,3.25
2012,Nicaragua,0.7,3.25
2013,Nicaragua,0.7,3.5
2013,Nicaragua,0.7,3.25
2014,Nicaragua,0.7,3.5
2015,Nicaragua,0.85,3.25
2015,Nicaragua,0.6,3.0
2024,Dominican Republic,0.7,3.5
2024,Ecuador,0.7,3.25
2024,Blend,0.7,3.25
2024,Ghana,0.7,3.25
2011,Costa Rica,0.66,3.25
2011,Costa Rica,0.7,3.0
2012,Peru,0.7,2.5
2013,Dominican Republic,0.7,3.75
2013,Ecuador,0.75,3.0
2014,Trinidad,0.7,3.75
2014,Peru,0.76,3.0
2016,Costa Rica,0.74,4.0
2016,Bolivia,0.74,3.75
2019,Madagascar,0.74,3.75
2019,Colombia,0.85,3.5
2021,Dominican Republic,0.68,3.75
2021,Peru,0.72,3.75
2021,Dominican Republic,0.77,3.25
2022,Peru,0.73,3.75
2022,Peru,0.73,3.75
2022,Peru,0.73,3.25
2022,Bolivia,0.66,3.0
2018,Venezuela,0.7,3.5
2018,Madagascar,0.7,3.0
2018,Tanzania,0.7,3.0
2018,Taiwan,0.7,2.5
2024,Venezuela,0.7,2.75
2024,Belize,0.7,2.75
2023,Peru,0.7,3.0
2014,U.S.A.,0.85,2.5
2015,Ghana,0.7,4.0
2015,Dominican Republic,0.7,3.5
2015,Dominican Republic,0.8,3.5
2015,Madagascar,0.75,3.5
2015,Madagascar,0.65,3.25
2017,St. Lucia,0.77,3.5
2017,Venezuela,0.75,3.5
2018,Guatemala,0.72,2.75
2019,Venezuela,0.75,2.75
2015,Brazil,0.66,3.0
2016,Belize,0.7,3.5
2023,Nicaragua,0.7,3.75
2016,Guatemala,0.77,3.25
2016,Nicaragua,0.77,3.25
2016,Mexico,0.77,2.75
2017,Peru,0.7,3.25
2019,Costa Rica,0.73,3.0
2019,Colombia,0.73,2.5
2021,Ecuador,0.7,3.75
2018,Belize,0.7,2.75
2021,Bolivia,0.7,3.25
2021,Dominican Republic,0.7,3.25
2021,India,0.7,3.0
2011,Vietnam,0.72,3.0
2021,Madagascar,0.72,3.5
2021,Tanzania,0.7,3.5
2021,Vietnam,0.73,3.5
2023,Vietnam,0.78,3.25
2023,Dominican Republic,0.75,3.0
2023,Belize,0.7,3.0
2006,Blend,0.7,2.5
2016,Madagascar,0.7,3.5
2019,Peru,0.73,2.5
2021,India,0.7,3.0
2008,Grenada,0.71,2.5
2009,Grenada,0.6,2.75
2010,Grenada,0.82,3.25
2009,Blend,0.64,3.25
2009,Ecuador,0.64,3.0
2009,Ghana,0.64,3.0
2009,Blend,0.64,3.0
2009,Venezuela,0.76,3.0
2018,Madagascar,0.7,2.75
2006,Madagascar,0.65,3.5
2006,Ecuador,0.65,3.5
2006,Blend,0.61,3.5
2006,Colombia,0.65,3.0
2006,Blend,0.61,3.0
2006,Venezuela,0.65,2.5
2007,Blend,0.72,3.5
2008,Venezuela,0.65,3.5
2008,Peru,0.65,3.0
2008,Blend,0.64,3.0
2009,Blend,0.7,3.5
2009,U.S.A.,0.55,3.0
2009,Blend,0.91,3.0
2010,Trinidad,0.65,3.0
2011,Blend,0.61,3.25
2011,Blend,0.72,3.25
2011,Blend,0.72,2.75
2013,Ecuador,0.65,3.5
2013,Jamaica,0.65,3.25
2013,Haiti,0.65,2.75
2013,Nicaragua,0.65,2.75
2015,Blend,0.7,3.75
2024,Colombia,0.7,2.75
2014,Blend,0.7,3.5
2014,Dominican Republic,0.75,3.25
2014,U.S.A.,0.66,3.25
2014,Blend,0.7,3.0
2014,Blend,0.8,3.0
2014,Papua New Guinea,0.8,2.75
2014,Blend,0.74,2.75
2014,Blend,0.65,2.75
2014,Blend,1.0,2.0
2007,Ecuador,0.77,2.5
2014,Ecuador,0.7,3.0
2014,Ecuador,0.55,2.75
2011,Blend,0.7,3.0
2015,Brazil,0.77,3.5
2015,Brazil,0.74,3.5
2015,Brazil,0.67,3.0
2016,Brazil,0.85,3.25
2018,Brazil,0.75,3.0
2019,Vietnam,0.7,3.25
2019,India,0.7,3.0
2022,Guatemala,0.68,3.5
2022,Ghana,0.68,3.25
2022,Ecuador,0.68,3.25
2022,Haiti,0.64,2.75
2019,Dominican Republic,0.7,3.5
2019,Tanzania,0.72,3.25
2019,Peru,0.65,2.75
2021,Mexico,0.7,3.5
2016,Peru,0.64,2.75
2019,Venezuela,0.71,3.0
2019,Indonesia,0.71,2.5
2019,Blend,0.71,2.5
2016,Belize,0.7,3.25
2016,Costa Rica,0.74,3.5
2014,Ecuador,0.67,3.75
2014,U.S.A.,0.67,3.75
2014,Bolivia,0.67,3.5
2014,Bolivia,0.67,3.0
2016,U.S.A.,0.72,3.5
2016,Ecuador,0.7,3.5
2016,Ecuador,0.77,3.5
2016,Bolivia,0.72,4.0
2016,Bolivia,0.68,3.75
2015,Venezuela,0.74,3.5
2015,Uganda,0.57,2.75
2021,Nicaragua,0.7,3.25
2021,Ecuador,0.7,2.75
2022,Vietnam,0.7,3.75
2022,Haiti,0.7,3.5
2022,Uganda,0.7,3.25
2022,Philippines,0.7,3.25
2022,Dominican Republic,0.72,3.25
2022,Madagascar,0.72,3.0
2022,India,0.7,2.75
2022,Peru,0.72,2.5
2015,Ecuador,0.73,3.25
2015,Peru,0.7,3.25
2015,Madagascar,0.74,3.0
2015,Venezuela,0.7,3.0
2015,Tanzania,0.7,2.75
2018,Dominican Republic,0.71,3.5
2018,Tanzania,0.7,3.0
2018,Madagascar,0.74,2.75
2018,Ecuador,0.73,2.5
2018,Peru,0.7,2.25
2016,Peru,0.66,3.5
2016,Dominican Republic,0.75,3.25
2016,Madagascar,0.7,2.75
2016,Venezuela,0.72,2.75
2019,Ecuador,0.85,3.5
2019,Venezuela,0.68,3.25
2009,Ecuador,0.58,3.5
2009,Ecuador,0.58,3.25
2009,Ecuador,0.72,3.0
2009,Ecuador,0.8,2.5
2009,Ecuador,0.8,2.0
2024,Tanzania,0.7,3.25
2024,Dominican Republic,0.7,3.0
2024,Ecuador,0.7,2.75
2009,Dominican Republic,0.75,3.75
2009,Peru,0.7,3.5
2009,Dominican Republic,0.7,2.75
2009,Ivory Coast,0.7,2.5
2015,Ecuador,0.7,3.5
2015,Madagascar,0.7,3.5
2015,Trinidad,0.7,3.5
2015,Venezuela,0.7,3.5
2016,Peru,0.7,2.75
2014,Ecuador,0.72,2.5
2013,St. Lucia,0.7,4.0
2013,St. Lucia,1.0,1.75
2015,St. Lucia,0.7,2.75
2018,Colombia,0.75,2.75
2019,Honduras,0.72,3.0
2019,Tanzania,0.8,3.0
2008,St. Lucia,0.72,3.0
2008,Sao Tome,0.72,3.0
2008,Tanzania,0.75,2.75
2008,Uganda,0.8,2.5
2010,Dominican Republic,0.7,3.0
2010,Ecuador,0.7,2.75
2010,Venezuela,0.7,2.75
2011,St. Lucia,0.65,3.25
2011,Ecuador,0.8,3.0
2011,St. Lucia,0.65,3.0
2012,Madagascar,0.66,3.5
2013,Vietnam,0.8,3.5
2013,Ecuador,0.82,3.5
2013,Trinidad,0.75,3.0
2013,Ecuador,0.9,3.0
2013,Madagascar,0.72,3.0
2013,Peru,1.0,2.75
2013,Dominican Republic,1.0,2.75
2013,Ecuador,1.0,2.5
2013,Venezuela,0.7,3.75
2013,Venezuela,0.7,3.25
2014,Dominican Republic,0.7,3.75
2014,Dominican Republic,0.7,3.5
2014,Bolivia,0.7,3.0
2014,Bolivia,0.7,3.0
2014,Nicaragua,0.7,3.0
2015,Vietnam,0.7,3.5
2011,Venezuela,0.74,4.0
2011,Venezuela,0.7,4.0
2011,Venezuela,0.72,4.0
2011,Venezuela,0.72,4.0
2011,Venezuela,0.72,3.75
2011,Venezuela,0.72,3.75
2011,Venezuela,0.72,3.75
2011,Venezuela,0.72,3.5
2011,Venezuela,0.72,3.25
2013,Venezuela,0.72,3.75
2024,Venezuela,0.74,3.25
2016,India,0.61,2.5
2014,Honduras,0.77,3.0
2017,Vietnam,0.72,3.25
2012,Peru,0.72,3.0
2012,Peru,0.72,2.75
2014,Madagascar,0.72,3.5
2014,Belize,0.72,3.25
2014,Dominican Republic,0.72,3.25
2014,Peru,0.72,2.25
2018,St.Vincent-Grenadines,0.72,2.75
2015,Belize,0.7,3.5
2015,Dominican Republic,0.7,2.75
2023,Dominican Republic,0.7,3.25
2006,Ghana,0.71,2.0
2024,Malaysisa,0.7,3.0
2024,Malaysisa,0.7,2.75
2018,Venezuela,0.72,3.25
2017,Ecuador,0.78,3.75
2017,Venezuela,0.72,3.5
2017,Vietnam,0.65,3.5
2017,Ecuador,0.7,3.5
2017,Madagascar,0.68,3.5
2017,Jamaica,0.67,3.0
2017,Peru,0.75,3.0
2018,Colombia,0.73,3.25
2018,Trinidad,0.8,3.25
2018,India,0.66,3.0
2015,Madagascar,0.63,2.75
2020,Venezuela,0.75,2.75
2018,Thailand,0.7,3.75
2018,Thailand,0.7,3.5
2018,Thailand,0.7,3.5
2018,Thailand,0.7,3.0
2013,Dominican Republic,0.7,3.5
2013,Dominican Republic,0.55,3.25
2013,Dominican Republic,0.62,3.25
2013,Dominican Republic,0.82,3.0
2020,Dominican Republic,0.68,3.75
2020,Dominican Republic,0.7,3.75
2020,Dominican Republic,0.67,3.75
2022,Dominican Republic,0.8,3.25
2019,Dominican Republic,0.68,3.75
2019,Dominican Republic,0.65,3.75
2019,Dominican Republic,0.715,3.5
2019,Dominican Republic,0.7,3.0
2019,Dominican Republic,0.72,3.0
2022,Dominican Republic,0.72,4.0
2022,Dominican Republic,0.72,3.5
2022,Dominican Republic,0.72,3.5
2019,Tanzania,0.75,3.25
2019,Nicaragua,0.75,3.0
2019,Peru,0.75,3.0
2009,Vanuatu,0.65,3.75
2012,Peru,0.64,2.5
2024,Mexico,0.76,2.5
2008,Ecuador,0.7,3.5
2008,Ecuador,0.7,3.0
2008,Ecuador,0.85,3.0
2008,Ecuador,0.85,3.0
2008,Ecuador,0.75,2.75
2008,Ecuador,0.85,2.75
2008,Ecuador,0.85,2.5
2008,Ecuador,0.75,2.5
2024,Thailand,0.7,3.25
2009,Blend,0.7,2.75
2009,Ecuador,0.8,2.75
2022,Belize,0.7,3.5
2022,Tanzania,0.7,3.5
2022,India,0.7,3.5
2022,Belize,0.7,3.0
2021,Papua New Guinea,0.7,3.5
2021,Philippines,0.7,3.25
2023,Ecuador,0.7,3.5
2023,Peru,0.75,3.5
2013,Dominican Republic,0.7,3.75
2009,Mexico,0.72,2.0
2020,Colombia,0.7,3.25
2014,Dominican Republic,0.6,3.0
2017,Mexico,0.7,3.25
2017,Belize,0.7,3.0
2017,Vietnam,0.7,3.0
2018,Mexico,0.7,3.75
2018,Philippines,0.7,3.25
2018,Madagascar,0.7,3.0
2019,Papua New Guinea,0.7,3.25
2019,Colombia,0.7,3.0
2022,Mexico,0.7,3.25
2022,Mexico,0.7,2.75
2024,Mexico,0.7,3.5
2024,Vietnam,0.7,3.25
2024,Belize,0.7,3.0
2024,Tanzania,0.7,3.0
2014,Madagascar,0.72,3.25
2014,Belize,0.9,3.25
2014,Dominican Republic,0.72,3.25
2014,Dominican Republic,0.72,3.25
2014,Belize,0.72,3.0
2014,Venezuela,0.72,2.75
2014,Peru,0.72,2.5
2016,Brazil,0.7,3.75
2016,Ecuador,0.7,3.75
2016,Haiti,0.7,3.25
2016,Peru,0.7,2.75
2014,Dominican Republic,0.725,3.0
2014,Madagascar,0.725,3.0
2014,Uganda,0.725,2.5
2014,Ecuador,0.725,2.5
2009,Madagascar,0.64,3.5
2009,Bolivia,0.68,3.0
2010,Dominican Republic,0.74,3.75
2010,Grenada,0.75,3.25
2010,Venezuela,0.71,3.0
2011,Ecuador,0.74,3.75
2012,Brazil,0.7,4.0
2012,Venezuela,0.68,3.75
2012,Peru,0.74,3.25
2019,Fiji,0.68,3.0
2016,Belize,0.7,3.0
2016,Peru,0.7,3.0
2016,Peru,0.7,2.5
2016,Peru,0.7,2.25
2018,Belize,0.7,3.25
2018,Guatemala,0.7,3.25
2018,Dominican Republic,0.7,3.0
2018,Peru,0.75,3.0
2018,Belize,0.7,3.5
2018,Guatemala,0.7,3.5
2019,Peru,0.72,3.5
2008,Blend,0.74,3.5
2009,Blend,0.6,3.75
2009,Venezuela,0.69,3.5
2009,Ghana,0.68,3.25
2009,Blend,0.6,3.0
2011,Grenada,0.68,3.5
2012,Dominican Republic,0.66,3.5
2013,Tobago,0.6,3.25
2013,Ecuador,0.56,3.25
2013,Blend,0.74,2.75
2011,Peru,0.72,2.5
2011,Ecuador,0.6,3.25
2018,Mexico,0.7,3.5
2018,Mexico,0.7,3.5
2018,Mexico,0.7,3.0
2024,India,0.75,3.0
2014,Cuba,0.7,2.75
2014,Blend,0.68,2.75
2015,Vietnam,0.75,3.75
2015,Sao Tome,0.75,3.5
2015,Peru,0.75,3.25
2015,Brazil,0.75,3.25
2015,Cuba,0.75,3.0
2015,Ivory Coast,0.75,3.0
2015,Madagascar,0.75,2.75
2015,Vietnam,0.75,2.75
2012,Brazil,0.7,3.5
2009,Tanzania,0.75,2.5
2012,Venezuela,0.75,3.0
2012,Venezuela,0.75,3.0
2012,Blend,0.72,3.0
2016,Nicaragua,0.8,3.5
2018,Nicaragua,0.73,3.5
2018,Honduras,0.7,3.25
2018,Nicaragua,0.71,3.0
2017,Bolivia,0.74,3.75
2019,Peru,0.7,3.5
2019,Costa Rica,0.7,3.25
2019,Colombia,0.7,2.75
2014,Peru,0.7,3.5
2015,Trinidad,0.7,3.5
2015,Tanzania,0.7,3.5
2015,Bolivia,0.7,3.25
2015,Dominican Republic,0.7,3.25
2015,Costa Rica,0.7,3.0
2016,Liberia,0.7,3.25
2017,Peru,0.7,4.0
2017,Honduras,0.7,3.5
2017,Belize,0.7,3.25
2018,Ghana,0.7,3.75
2019,Jamaica,0.7,3.25
2019,Bolivia,0.7,3.25
2021,U.S.A.,0.7,3.75
2021,Sao Tome & Principe,0.7,3.5
2014,Madagascar,0.71,3.5
2024,Belize,0.72,3.5
2024,Bolivia,0.72,3.25
2024,Ecuador,0.72,3.0
2024,Dominican Republic,0.72,3.0
2024,Guatemala,0.72,3.0
2024,Colombia,0.72,2.75
2016,Madagascar,0.7,3.0
2012,Peru,0.68,3.75
2012,Peru,0.65,3.5
2012,Bolivia,0.68,3.5
2012,Bolivia,0.68,3.5
2012,Dominican Republic,0.74,3.0
2012,Blend,0.75,2.75
2007,Blend,0.85,3.0
2020,India,0.72,3.0
2020,Vietnam,0.72,3.0
2020,Sierra Leone,0.72,2.5
2024,Ecuador,0.7,4.0
2024,Uganda,0.7,3.5
2013,Puerto Rico,0.65,2.5
2013,U.S.A.,0.7,3.5
2013,U.S.A.,0.71,3.0
2013,U.S.A.,0.72,3.0
2014,U.S.A.,0.7,3.75
2014,U.S.A.,0.75,3.75
2014,U.S.A.,0.65,3.25
2021,Belize,0.75,3.0
2021,Bolivia,0.7,2.75
2015,Nicaragua,0.75,2.0
2018,Nicaragua,0.78,3.5
2018,Nicaragua,0.8,3.25
2018,Sumatra,0.7,3.0
2018,Nicaragua,0.75,2.5
2017,Brazil,0.81,3.25
2018,Brazil,0.7,3.0
2021,Brazil,0.7,3.25
2020,Papua New Guinea,0.72,3.25
2010,Colombia,0.65,3.5
2010,Blend,0.6,3.0
2010,Blend,0.58,3.0
2010,Blend,0.46,2.75
2020,Ivory Coast,0.67,3.5
2020,Madagascar,0.73,3.25
2020,Tanzania,0.75,3.25
2020,Uganda,0.68,3.25
2020,India,0.72,3.0
2023,U.S.A.,0.7,3.5
2010,Peru,0.55,2.25
2011,Peru,0.7,1.5
2024,Vietnam,0.75,2.5
2019,Ghana,0.75,2.75
2019,Uganda,0.75,2.5
2008,Madagascar,0.63,4.0
2008,Madagascar,0.7,3.75
2008,Madagascar,0.67,3.5
2008,Madagascar,0.75,3.5
2021,Colombia,0.7,2.5
2010,Mexico,0.72,2.75
2011,Costa Rica,0.7,2.75
2011,Dominican Republic,0.7,2.5
2012,U.S.A.,0.7,3.5
2012,U.S.A.,0.7,3.25
2012,U.S.A.,0.7,3.25
2013,Brazil,0.7,3.5
2013,Puerto Rico,0.7,2.75
2013,U.S.A.,0.7,2.75
2013,Mexico,0.7,2.75
2017,Solomon Islands,0.73,3.5
2008,Dominican Republic,0.7,3.75
2008,Cuba,0.7,3.25
2008,Ecuador,0.7,3.0
2008,Tanzania,0.75,2.0
2010,Ecuador,0.7,2.0
2007,Madagascar,0.73,3.5
2007,Madagascar,0.75,2.75
2013,Philippines,0.65,3.5
2018,Thailand,0.7,2.75
2009,U.S.A.,0.55,2.75
2010,U.S.A.,0.55,3.5
2016,Venezuela,0.7,3.0
2012,Dominican Republic,0.74,3.75
2014,Venezuela,0.74,2.75
2014,Peru,0.74,2.5
2015,Ecuador,0.74,2.5
2014,Colombia,0.7,2.75
2012,Liberia,0.72,3.25
2012,U.S.A.,0.72,3.25
2012,Peru,0.72,3.0
2012,U.S.A.,0.72,2.75
2013,U.S.A.,0.72,3.75
2015,Costa Rica,0.72,3.75
2015,Papua New Guinea,0.72,3.5
2017,Peru,0.7,3.25
2019,U.S.A.,0.7,3.5
2022,U.S.A.,0.7,3.75
2012,Ghana,0.7,3.5
2012,Dominican Republic,0.7,3.25
2012,Ecuador,0.7,3.25
2014,Venezuela,0.7,3.75
2014,Colombia,0.85,3.5
2016,Nicaragua,0.7,3.75
2016,Peru,0.7,3.5
2015,Dominican Republic,0.7,3.5
2015,Peru,0.62,3.5
2015,Ecuador,0.7,3.5
2015,Nicaragua,0.7,3.5
2015,Peru,0.68,3.5
2015,Honduras,0.78,3.5
2015,Tanzania,0.72,3.0
2015,Trinidad,0.7,2.75
2015,Colombia,0.75,2.75
2016,Vietnam,0.75,3.25
2017,Vietnam,0.73,3.0
2018,Dominican Republic,0.72,3.5
2018,Mexico,0.72,3.25
2018,Blend,0.72,3.0
2016,Peru,0.7,2.75
2021,Peru,0.7,3.5
2021,Peru,0.8,3.25
2021,Brazil,0.72,3.25
2021,Mexico,0.72,2.75
2021,Bolivia,0.72,2.75
2016,Blend,0.75,3.25
2018,Haiti,0.75,2.75
2022,Haiti,0.65,2.75
2012,Vietnam,0.76,3.5
2012,Vietnam,0.72,3.5
2012,Vietnam,0.7,3.5
2012,Vietnam,0.78,3.5
2012,Vietnam,0.74,3.5
2012,Vietnam,0.8,3.0
2013,Vietnam,0.75,3.5
2015,Vietnam,0.7,3.75
2015,Vietnam,0.68,3.5
2015,Vietnam,0.85,3.25
2018,Vietnam,0.75,3.5
2010,Ghana,0.65,3.5
2010,Nigeria,0.65,3.25
2010,Costa Rica,0.65,3.0
2010,Ivory Coast,0.65,3.0
2013,Dominican Republic,0.89,2.5
2013,Dominican Republic,0.74,2.25
2016,Colombia,0.74,3.25
2016,Haiti,0.82,3.0
2016,Bolivia,0.76,2.75
2010,Dominican Republic,0.7,3.25
2010,Venezuela,0.75,3.0
2010,Venezuela,0.81,2.75
2011,Dominican Republic,0.74,3.75
2011,Blend,0.72,3.5
2011,Belize,0.7,3.5
2011,Dominican Republic,0.73,3.25
2011,Venezuela,0.76,3.0
2011,Venezuela,0.7,3.0
2011,Peru,0.75,3.0
2011,Venezuela,0.81,2.75
2011,Papua New Guinea,0.71,2.75
2012,Blend,0.73,3.5
2012,Venezuela,0.73,2.75
2012,Blend,0.72,2.5
2014,Blend,0.75,3.75
2015,Tanzania,0.74,3.25
2015,Guatemala,0.76,3.0
2013,Madagascar,0.68,4.0
2013,Papua New Guinea,0.74,4.0
2013,Blend,0.7,3.75
2013,Vanuatu,0.72,3.5
2021,U.S.A.,0.7,3.5
2014,Peru,0.63,3.5
2014,Belize,0.7,3.25
2014,Dominican Republic,0.7,3.25
2014,Peru,0.82,3.25
2020,Madagascar,0.65,3.25
2020,U.S.A.,0.7,3.0
2020,Vietnam,0.75,3.0
2016,Dominican Republic,0.72,3.0
2024,Peru,0.7,3.0
2024,Madagascar,0.72,3.5
2020,Belize,0.7,3.25
2020,Guatemala,0.7,2.5
2023,Tanzania,0.7,3.5
2023,Madagascar,0.75,3.0
2023,Vietnam,0.7,3.0
2014,Dominican Republic,0.7,3.5
2014,Belize,0.7,3.0
2014,Nicaragua,0.7,3.0
2014,Venezuela,0.7,2.75
2014,Bolivia,0.7,2.5
2019,Philippines,0.7,3.25
2019,Tanzania,0.7,3.25
2019,Dominican Republic,0.7,2.75
2019,Ecuador,0.85,2.5
2024,Madagascar,0.74,3.5
2012,Madagascar,0.8,2.5
2012,Madagascar,0.72,2.5
2022,Honduras,0.72,2.5
2014,Honduras,0.7,3.5
2014,Nicaragua,0.8,3.5
2014,Honduras,0.8,3.25
2014,Nicaragua,0.7,3.25
2015,El Salvador,0.7,3.0
2015,El Salvador,0.8,2.75
2018,Brazil,0.75,2.5
2024,Mexico,0.75,3.5
2014,Madagascar,0.72,3.5
2014,Brazil,0.7,3.0
2018,Solomon Islands,0.67,3.75
2018,Solomon Islands,0.72,3.25
2015,Blend,0.7,3.5
2018,Peru,0.7,3.5
2022,Peru,0.72,3.0
2023,Peru,0.7,3.25
2023,Peru,0.72,3.25
2024,Peru,0.7,3.75
2006,Dominican Republic,0.67,3.75
2006,Madagascar,0.65,3.75
2006,Papua New Guinea,0.64,3.75
2006,Sao Tome,0.7,3.0
2006,Blend,0.6,2.0
2006,Blend,0.85,2.0
2006,Blend,0.99,2.0
2007,Venezuela,0.66,3.5
2007,Sao Tome,0.67,3.5
2012,Mexico,0.66,3.75
2017,Colombia,0.69,3.25
2019,Guatemala,0.7,3.5
2019,Brazil,0.7,3.0
2012,Indonesia,0.7,2.5
2012,Bolivia,0.75,2.0
2012,Blend,0.65,1.5
2013,Belize,0.8,3.25
2013,Dominican Republic,0.75,2.5
2015,Dominican Republic,0.75,3.75
2015,Venezuela,0.75,3.75
2015,Belize,0.8,3.5
2015,Trinidad,0.7,3.5
2015,Nicaragua,0.7,3.5
2015,Tanzania,0.75,3.25
2018,Belize,0.7,3.5
2018,India,0.7,3.25
2018,Peru,0.7,3.25
2018,Dominican Republic,0.7,3.0
2012,Ecuador,0.7,3.5
2013,Ecuador,0.7,2.5
2019,Ecuador,0.7,3.0
2019,India,0.74,3.0
2019,Brazil,0.76,3.0
2021,India,0.74,3.0
2021,Tanzania,0.9,3.0
2021,Panama,0.75,2.75
2018,Peru,0.7,3.75
2018,Madagascar,0.7,3.5
2018,Vietnam,0.7,3.25
2018,Brazil,0.7,3.0
2010,Ecuador,0.77,2.75
2019,Ecuador,0.67,2.75
2016,Haiti,0.7,3.5
2023,Colombia,0.65,2.75
2017,India,0.65,3.5
2017,Vietnam,0.65,3.5
2017,Madagascar,0.72,3.25
2017,Papua New Guinea,0.72,3.0
2019,Tanzania,0.72,3.75
2020,Vietnam,0.7,3.5
2015,Brazil,0.7,3.5
2016,Brazil,0.75,3.75
2019,Puerto Rico,0.7,3.0
2012,Colombia,0.65,2.5
2010,Belize,0.67,2.75
2013,Belize,0.73,3.25
2013,Belize,0.72,3.0
2018,Cameroon,0.68,3.0
2018,Brazil,0.72,2.5
2019,Tanzania,0.72,3.75
2019,Dominican Republic,0.7,3.5
2019,Sierra Leone,0.72,3.0
2021,Dominican Republic,0.7,3.25
2021,Madagascar,0.7,2.75
2015,Peru,0.7,3.25
2015,Dominican Republic,0.7,3.0
2015,Indonesia,0.7,2.75
2011,Nicaragua,0.7,2.75
2011,Nicaragua,0.7,2.75
2018,Nicaragua,0.7,3.25
2016,Dominican Republic,0.72,3.5
2021,Philippines,0.76,3.5
2014,Papua New Guinea,0.7,3.25
2018,Mexico,0.7,3.25
2021,Ecuador,0.75,3.75
2021,Peru,0.72,3.5
2023,Tanzania,0.77,3.5
2024,Vietnam,0.7,2.5
2015,Ecuador,0.63,3.5
2015,Ecuador,0.85,3.5
2015,Ecuador,0.7,3.25
2020,Mexico,0.7,3.0
2015,Nicaragua,0.7,3.5
2015,Nicaragua,0.8,3.5
2018,Venezuela,0.7,3.5
2016,Vietnam,0.8,3.0
2016,Dominican Republic,0.71,2.75
2016,Tanzania,0.68,2.75
2016,Madagascar,0.68,2.75
2013,Costa Rica,0.7,3.0
2013,Costa Rica,0.58,2.5
2012,Grenada,0.71,2.5
2013,Blend,0.7,3.75
2013,Peru,0.78,3.75
2014,Nicaragua,0.7,3.25
2014,Venezuela,0.7,3.0
2014,Venezuela,0.75,2.75
2019,El Salvador,0.7,3.25
2019,Nicaragua,0.67,2.75
2024,Peru,0.7,4.0
2013,U.S.A.,0.85,3.5
2014,Ghana,0.7,3.5
2014,Dominican Republic,0.7,2.5
2014,Madagascar,0.735,2.5
2014,Peru,0.72,2.25
2018,Dominican Republic,0.7,3.25
2023,Nicaragua,0.7,3.25
2023,Cuba,0.65,3.0
2006,Venezuela,0.71,3.0
2006,Sao Tome,0.75,2.75
2006,Blend,0.73,2.0
2007,Blend,0.73,1.0
2008,Trinidad,0.67,3.75
2010,Papua New Guinea,0.7,2.5
2015,Madagascar,0.72,3.0
2015,Peru,0.72,3.0
2015,Dominican Republic,0.72,2.75
2015,Venezuela,0.72,2.25
2018,Brazil,0.72,3.0
2023,Tanzania,0.7,2.75
2022,Brazil,0.71,3.25
2022,Brazil,0.72,3.0
2013,Ecuador,0.75,3.5
2013,Peru,0.75,2.75
2019,Ecuador,0.72,3.75
2018,Peru,0.7,3.0
2018,Tanzania,0.72,3.0
2018,Dominican Republic,0.72,3.0
2018,Vietnam,0.72,2.75
2019,Colombia,0.72,3.25
2019,Fiji,0.74,2.75
2014,Peru,0.75,3.25
2014,Ghana,0.75,3.0
2014,Belize,0.75,3.0
2012,Venezuela,0.7,3.0
2012,Ecuador,0.7,3.0
2022,India,0.7,3.75
2022,Dominican Republic,0.7,3.5
2022,Tanzania,0.7,3.5
2022,Madagascar,0.7,3.25
2022,Mexico,0.67,3.0
2022,Peru,0.7,3.0
2023,Costa Rica,0.68,3.0
2023,Colombia,0.7,3.0
2024,Cameroon,0.78,2.5
2012,Ecuador,0.8,3.25
2012,Nicaragua,0.7,3.0
2012,Nicaragua,0.75,2.75
2015,Ghana,0.7,3.75
2015,Dominican Republic,0.7,3.75
2015,Madagascar,0.7,3.5
2015,Venezuela,0.7,3.0
2015,Ecuador,0.7,2.75
2020,Vietnam,0.7,3.25
2020,Nigeria,0.7,3.0
2016,Brazil,0.7,3.5
2010,Jamaica,0.7,2.5
2015,Peru,0.7,3.75
2019,Peru,0.7,3.75
2015,Peru,0.75,4.0
2015,Congo,0.7,3.75
2014,Papua New Guinea,0.74,3.5
2014,Papua New Guinea,0.88,3.25
2014,Papua New Guinea,0.7,3.0
2014,Papua New Guinea,0.66,2.75
2016,Samoa,0.7,3.5
2016,Samoa,1.0,2.75
2020,Bolivia,0.7,3.75
2020,Vietnam,0.7,3.75
2020,Uganda,0.7,3.25
2020,India,0.7,3.25
2020,Colombia,0.7,3.25
2020,Guatemala,0.7,3.0
2020,Tanzania,0.7,3.0
2021,Haiti,0.7,3.75
2021,Venezuela,0.7,3.5
2021,U.S.A.,0.7,3.25
2021,Peru,0.7,3.25
2021,Blend,1.0,3.0
2021,Venezuela,0.8,3.0
2015,Tanzania,0.7,3.0
2015,Trinidad,0.7,2.75
2011,Bolivia,0.7,3.5
2018,Brazil,0.78,3.75
2024,Benin,0.7,2.75
2009,Blend,0.75,3.0
2009,Blend,0.67,2.75
2010,Dominican Republic,0.72,3.0
2010,Ghana,0.72,3.0
2011,Blend,0.85,3.0
2011,Blend,0.76,2.75
2011,Blend,0.85,2.75
2011,Blend,0.76,2.0
2011,Ghana,0.8,2.75
2014,Madagascar,0.66,3.5
2014,Papua New Guinea,0.7,3.0
2016,Tanzania,0.7,3.75
2018,Nicaragua,0.73,3.0
2024,Jamaica,0.71,2.75
2020,Tanzania,0.7,3.5
2020,Madagascar,0.7,3.25
2020,Vietnam,0.7,3.25
2021,Madagascar,0.75,3.5
2021,Peru,0.7,3.25
2021,Peru,0.75,3.25
2021,Colombia,0.75,2.75
2013,Dominican Republic,0.72,3.0
2013,Ecuador,0.72,3.0
2013,Belize,0.74,2.75
2013,Dominican Republic,0.72,2.75
2013,Nicaragua,0.72,2.75
2018,Panama,0.71,3.0
2009,Bolivia,0.68,3.25
2009,Congo,0.7,3.0
2009,Peru,0.75,3.0
2011,Bolivia,0.66,3.75
2014,Blend,0.8,3.25
2014,Papua New Guinea,0.68,2.75
2006,U.S.A.,0.6,3.0
2009,U.S.A.,0.6,3.0
2012,Peru,0.65,3.0
2012,Peru,0.72,3.0
2008,Ecuador,0.7,3.5
2008,Ecuador,0.72,3.0
2008,Ecuador,0.65,3.0
2008,Ecuador,0.6,2.75
2008,Ecuador,1.0,2.0
2011,Ecuador,0.7,3.5
2012,Peru,0.7,4.0
2012,Ecuador,0.85,2.75
2014,Ecuador,0.7,4.0
2014,Ecuador,0.7,3.75
2014,Ecuador,0.7,3.5
2014,Ecuador,0.7,3.25
2016,Colombia,0.7,4.0
2018,Cuba,0.72,3.75
2018,Haiti,0.7,3.5
2018,Vietnam,0.72,3.25
2014,Madagascar,0.78,3.75
2014,Trinidad,0.7,3.75
2014,Blend,0.75,3.5
2014,Bolivia,0.72,2.75
2014,Ecuador,0.75,2.75
2015,Vietnam,0.72,3.75
2015,Tanzania,0.72,3.5
2015,Bolivia,0.7,3.25
2015,Trinidad,0.7,3.25
2016,Belize,0.72,3.0
2016,Guatemala,0.7,2.75
2017,Haiti,0.7,3.5
2017,Peru,0.72,2.75
2017,Dominican Republic,0.75,2.75
2019,Peru,0.7,3.5
2016,Fiji,0.76,3.0
2019,Peru,0.71,3.5
2019,Belize,0.75,3.25
2019,Madagascar,0.76,3.25
2019,Dominican Republic,0.76,3.25
2019,Philippines,0.76,3.0
2019,Bolivia,0.76,2.75
2024,Thailand,0.7,3.75
2024,Thailand,0.7,3.25
2024,Thailand,0.7,3.0
2014,Blend,0.65,3.5
2014,Dominican Republic,0.7,3.5
2014,Bolivia,0.7,3.0
2015,Guatemala,0.7,3.5
2016,Tanzania,0.7,3.25
2019,Colombia,0.75,3.0
2019,Guatemala,0.75,2.75
2019,Dominican Republic,0.75,2.75
2013,Peru,0.7,2.75
2013,Peru,0.55,2.5
2007,Madagascar,0.7,4.0
2009,Madagascar,0.75,4.0
2009,Madagascar,0.67,3.5
2009,Venezuela,0.7,3.5
2011,Blend,0.7,3.75
2013,Peru,0.67,4.0
2014,Madagascar,0.64,2.75
2014,Madagascar,0.73,2.25
2015,Dominican Republic,0.82,3.0
2018,Fiji,0.75,3.0
2019,Peru,0.7,3.25
2006,Mexico,0.72,4.0
2006,Venezuela,0.72,3.75
2006,Indonesia,0.72,3.0
2007,Blend,0.7,4.0
2007,Madagascar,0.72,4.0
2007,Ecuador,0.72,3.75
2007,Blend,0.85,3.5
2009,Brazil,0.72,3.0
2009,Mexico,0.72,3.0
2010,Cuba,0.78,3.75
2010,Trinidad,0.75,3.25
2010,Venezuela,0.75,3.0
2010,Peru,0.85,3.0
2015,Cameroon,0.7,3.25
2019,Madagascar,0.76,3.0
2019,Cameroon,0.7,3.0
2021,China,0.72,3.5
2024,Brazil,0.7,3.0
2020,Tanzania,0.7,3.5
2020,India,0.73,3.5
2020,Vietnam,0.7,3.0
2016,Honduras,0.8,2.5
2014,Ecuador,0.73,3.5
2014,Madagascar,0.73,3.25
2014,Ecuador,0.73,3.25
2014,Fiji,0.73,2.5
2015,Nicaragua,0.8,3.25
2015,Nicaragua,0.8,2.75
2015,Nicaragua,0.8,2.75
2015,Nicaragua,0.8,2.75
2015,Nicaragua,0.62,2.5
2024,Honduras,0.7,2.75
2020,Tanzania,0.7,3.25
2020,Bolivia,0.7,3.0
2020,Dominican Republic,0.7,3.0
2012,Peru,0.82,2.75
2012,Dominican Republic,0.76,2.5
2021,Guatemala,0.76,3.0
2021,Ghana,0.66,3.0
2021,Haiti,0.71,2.75
2010,Costa Rica,0.82,3.75
2011,Costa Rica,0.7,3.5
2011,Brazil,0.7,3.5
2011,Costa Rica,0.7,3.0
2011,Peru,0.7,2.75
2014,Venezuela,0.7,3.75
2016,Dominican Republic,0.7,3.75
2018,Colombia,0.7,4.0
2021,Uganda,0.75,3.75
2021,Peru,0.7,3.75
2006,Jamaica,0.75,3.75
2006,Ecuador,0.8,3.75
2006,Blend,0.75,3.5
2006,Vanuatu,0.75,3.0
2006,Cuba,0.75,3.0
2006,Blend,0.75,3.0
2006,Brazil,0.75,3.0
2007,Sao Tome,0.75,4.0
2008,Brazil,0.75,3.5
2008,Madagascar,1.0,3.0
2008,Dominican Republic,0.75,2.0
2009,Venezuela,0.75,2.0
2010,Venezuela,0.75,3.5
2011,Venezuela,0.75,3.25
2015,Peru,0.75,3.25
2019,Sao Tome & Principe,0.75,3.5
2019,Tanzania,0.75,3.5
2019,Ecuador,0.75,3.5
2019,Trinidad,0.75,3.25
2019,Ghana,0.75,3.25
2019,Papua New Guinea,0.75,3.0
2019,Indonesia,0.75,3.0
2019,Venezuela,0.75,3.0
2019,Madagascar,0.75,3.0
2019,Colombia,0.75,3.0
2018,Tanzania,0.75,3.25
2018,Peru,0.75,3.25
2019,Vietnam,0.7,2.75
2023,India,0.68,3.5
2023,Nicaragua,0.7,3.0
2014,Madagascar,0.72,3.25
2014,Ecuador,0.75,3.0
2014,Venezuela,0.75,2.75
2014,Ecuador,0.85,2.75
2015,Grenada,0.7,3.5
2015,Madagascar,0.74,3.5
2015,Honduras,0.8,2.75
2016,Ecuador,0.77,3.5
2017,Jamaica,0.75,3.75
2018,Solomon Islands,0.72,3.25
2022,Jamaica,0.76,3.25
2012,Venezuela,0.73,2.75
2017,Dominican Republic,0.65,3.75
2017,Vietnam,0.75,3.5
2017,Philippines,0.66,3.5
2017,Ecuador,0.73,3.25
2017,Papua New Guinea,0.75,3.25
2024,Peru,0.7,3.25
2012,Brazil,0.65,3.25
2012,Brazil,0.6,3.0
2013,Brazil,0.85,3.5
2013,Brazil,0.75,3.25
2013,Brazil,0.8,3.25
2013,Brazil,0.55,2.75
2018,Peru,0.7,3.0
2019,Peru,0.7,3.75
2020,Peru,0.7,4.0
2020,Peru,0.7,3.5
2021,Peru,0.7,3.75
2016,Mexico,0.74,3.0
2016,Mexico,0.7,2.75
2011,Dominican Republic,0.85,3.5
2012,Madagascar,0.75,3.25
2015,Congo,0.75,2.75
2016,Peru,0.7,3.0
2017,Haiti,0.7,3.5
2017,Haiti,0.7,3.25
2010,Guatemala,0.7,2.75
2010,Ecuador,0.75,3.0
2015,Peru,0.73,3.5
2015,Peru,0.8,3.25
2015,Peru,0.7,2.5
2021,Mexico,0.7,3.25
2016,Peru,0.75,3.25
2018,Tanzania,0.72,3.75
2018,Peru,0.72,3.75
2018,Ecuador,0.72,3.5
2019,Dominican Republic,0.72,3.5
2019,Nicaragua,0.72,3.5
2021,Ghana,0.72,3.5
2012,Peru,0.7,2.5
2024,Peru,0.76,3.25
2007,Ecuador,0.75,3.75
2007,Ecuador,0.67,3.5
2007,Ecuador,0.75,3.0
2009,Ecuador,0.75,2.5
2010,Ecuador,0.75,3.25
2011,Costa Rica,0.75,3.5
2012,Madagascar,0.75,4.0
2012,Trinidad,0.75,3.5
2012,Ecuador,0.75,3.25
2013,Belize,0.75,3.75
2013,Peru,0.75,3.0
2015,Ecuador,0.85,3.5
2015,Blend,0.7,3.5
2016,Ecuador,0.75,3.75
2017,Mexico,0.75,3.75
2019,Nicaragua,0.7,3.5
2019,Trinidad,0.8,3.5
2020,Madagascar,0.75,3.5
2023,Brazil,0.72,3.0
2018,Tanzania,0.72,3.0
2019,Fiji,0.7,2.5
2019,Peru,0.7,2.5
2016,Costa Rica,0.7,3.25
2016,Costa Rica,0.7,3.25
2016,Costa Rica,0.7,3.25
2013,Madagascar,0.75,3.25
2013,Madagascar,0.68,3.25
2012,Grenada,0.66,3.5
2008,Madagascar,0.7,3.0
2008,Trinidad,0.7,3.0
2008,Dominican Republic,0.7,2.75
2008,Jamaica,0.7,2.75
2009,Venezuela,0.7,3.5
2010,Peru,0.75,3.75
2011,Bolivia,0.75,3.0
2012,Ecuador,0.75,3.75
2013,Bolivia,0.75,4.0
2013,Jamaica,0.75,3.75
2013,Madagascar,0.7,3.5
2013,Dominican Republic,0.7,3.5
2014,Venezuela,0.8,3.75
2015,Venezuela,0.7,3.75
2015,Bolivia,0.75,3.25
2016,Honduras,0.75,3.75
2011,Venezuela,0.73,3.5
2011,Venezuela,0.7,3.5
2011,Principe,0.77,2.75
2011,Venezuela,0.71,2.5
2012,Venezuela,0.84,2.5
2012,Madagascar,0.72,2.5
2012,Venezuela,0.76,2.25
2017,Venezuela,0.73,3.75
2021,Peru,0.72,3.75
2017,Honduras,0.72,2.75
2018,Nicaragua,0.7,3.5
2018,Haiti,0.75,3.0
2021,Tanzania,0.72,3.5
2021,Indonesia,0.77,2.75
2023,Grenada,0.73,3.25
2010,Madagascar,0.64,3.5
2010,Blend,0.72,3.5
2010,Blend,0.72,3.5
2010,Dominican Republic,0.7,3.0
2010,Blend,1.0,1.5
2012,Blend,0.69,3.25
2012,Blend,0.83,2.75
2008,Brazil,0.7,3.5
2008,Ecuador,0.7,3.5
2008,Venezuela,0.7,3.5
2008,Ecuador,0.7,3.5
2024,Madagascar,0.7,3.5
2017,Ecuador,0.7,3.25
2006,Colombia,0.7,3.75
2006,Colombia,0.65,3.0
2006,Colombia,0.53,2.0
2009,Colombia,0.7,3.0
2009,Colombia,0.75,2.75
2011,Sao Tome,0.7,2.75
2006,Blend,0.7,3.5
2006,Blend,0.62,3.0
2006,Blend,0.82,2.0
2006,Blend,0.68,2.0
2006,Jamaica,0.7,2.0
2007,Venezuela,0.75,3.75
2007,Blend,0.72,3.0
2007,Blend,0.62,3.0
2007,Blend,0.75,3.0
2008,Blend,0.72,3.0
2009,Ghana,0.65,4.0
2009,Brazil,0.68,3.75
2009,Vietnam,0.72,3.75
2010,Madagascar,0.65,3.75
2010,Grenada,0.68,3.5
2011,Papua New Guinea,0.68,3.75
2012,Peru,0.78,4.0
2023,Dominican Republic,0.72,3.5
2023,Tanzania,0.72,3.5
2015,Dominican Republic,0.7,2.75
2015,Grenada,0.7,2.75
2018,Tanzania,0.7,3.25
2018,Dominican Republic,0.7,3.0
2018,Honduras,0.7,2.75
2019,Uganda,0.7,3.5
2019,Fiji,0.7,2.75
2021,Peru,0.7,3.5
2021,Vietnam,0.7,3.5
2021,India,0.7,3.5
2021,Trinidad,0.75,3.25
2024,Blend,0.69,3.5
2024,Peru,0.7,3.5
2024,Blend,0.8,3.5
2024,Vietnam,0.7,3.5
2024,Vietnam,0.7,3.25
2024,Indonesia,0.75,3.25
2024,Ghana,0.75,3.0
2019,Belize,0.7,3.5
2019,Guatemala,0.7,3.0
2019,Colombia,0.7,3.0
2023,Blend,0.685,3.0
2024,Blend,0.7,3.0
2014,Belize,0.72,3.25
2014,Ecuador,0.75,3.0
2015,Papua New Guinea,0.73,3.5
2015,Dominican Republic,0.74,3.5
2015,Jamaica,0.72,3.25
2015,Venezuela,0.77,2.75
2011,U.S.A.,0.73,2.5
2011,U.S.A.,0.73,2.0
2011,Peru,0.75,3.5
2016,Peru,0.7,3.25
2015,Costa Rica,0.7,3.5
2015,Costa Rica,0.82,3.25
2012,Peru,0.7,2.5
2022,Colombia,0.72,3.5
2011,Sao Tome,0.65,3.25
2011,Brazil,0.6,3.25
2011,Belize,0.67,3.0
2011,Colombia,0.68,3.0
2014,Madagascar,0.67,3.75
2014,Madagascar,0.73,3.75
2014,Ecuador,0.73,3.75
2015,Guatemala,0.73,3.25
2015,Haiti,0.73,3.25
2015,Madagascar,1.0,3.0
2015,Ecuador,1.0,3.0
2015,Guatemala,0.73,3.0
2016,Ecuador,0.73,3.75
2016,Bolivia,0.73,3.5
2016,Tanzania,0.73,3.5
2017,Peru,0.73,3.75
2021,India,0.73,3.25
2021,Mexico,0.73,3.0
2015,Nicaragua,0.72,3.0
2015,Ghana,0.7,2.75
2023,Mexico,0.7,3.75
2023,Mexico,0.7,3.25
2023,Mexico,0.7,3.0
2024,Peru,0.72,3.0
2022,Dominican Republic,0.7,3.5
2022,Honduras,0.7,3.0
2023,China,0.7,2.5
2015,Ecuador,0.72,4.0
2015,Tanzania,0.67,3.75
2015,Trinidad,0.7,3.75
2015,Venezuela,0.7,3.75
2015,Madagascar,0.7,3.5
2015,Papua New Guinea,0.65,3.5
2015,Madagascar,0.65,3.25
2015,Peru,0.67,3.0
2015,Bolivia,0.72,2.75
2016,Ecuador,0.7,4.0
2016,Venezuela,0.7,3.75
2016,Belize,0.7,3.75
2016,Australia,0.67,3.75
2016,Guatemala,0.7,3.25
2016,Vietnam,0.7,3.0
2017,Dominican Republic,0.7,3.5
2017,Haiti,0.7,3.5
2010,Ecuador,0.68,3.25
2010,Madagascar,0.68,3.0
2011,Ghana,0.67,1.5
2018,Sulawesi,0.66,3.25
2017,India,0.7,2.75
2015,Madagascar,0.72,3.0
2016,Ecuador,0.7,3.5
2016,Dominican Republic,0.85,2.75
2016,Peru,0.68,2.75
2019,Philippines,0.7,2.5
2016,Solomon Islands,0.7,3.25
2016,Solomon Islands,0.75,3.25
2013,Blend,0.7,3.5
2013,Bolivia,0.7,3.25
2013,Peru,0.7,3.25
2013,Madagascar,0.7,3.0
2013,Venezuela,0.7,3.0
2014,Uganda,0.7,3.0
2017,Tanzania,0.7,3.25
2018,India,0.7,3.25
2021,Vietnam,0.7,3.5
2009,Madagascar,0.7,3.75
2009,Venezuela,0.7,3.75
2009,Ghana,0.7,3.5
2009,Papua New Guinea,0.7,3.5
2009,Dominican Republic,0.7,3.0
2009,Dominican Republic,0.7,3.0
2010,Blend,0.7,3.75
2011,Blend,0.7,4.0
2011,Peru,0.64,4.0
2011,Dominican Republic,0.7,3.75
2011,Bolivia,0.7,3.5
2011,Venezuela,0.7,3.5
2011,Grenada,0.7,2.75
2012,Blend,0.7,4.0
2012,Blend,0.7,4.0
2012,U.S.A.,0.7,3.75
2012,Venezuela,0.7,3.75
2012,Guatemala,0.7,3.5
2012,Blend,0.7,3.5
2012,Papua New Guinea,0.85,3.5
2012,Haiti,0.7,3.25
2013,Blend,0.88,4.0
2013,Venezuela,0.7,4.0
2013,Blend,0.67,4.0
2013,Jamaica,0.7,4.0
2013,Dominican Republic,0.77,3.75
2013,Trinidad,0.7,3.75
2013,Venezuela,0.7,3.75
2013,Indonesia,0.7,3.25
2013,Blend,0.7,3.25
2013,Venezuela,0.7,3.25
2013,Peru,0.7,2.75
2014,Peru,0.7,3.75
2014,Vanuatu,0.7,3.75
2014,Nicaragua,0.7,3.5
2014,Ecuador,0.8,3.5
2014,Nicaragua,0.7,3.25
2014,Blend,0.7,3.25
2015,Venezuela,0.75,4.0
2015,Venezuela,0.7,3.5
2016,Vietnam,0.7,4.0
2016,Nicaragua,0.7,3.75
2016,Blend,0.75,3.75
2016,Dominican Republic,0.62,3.5
2016,Madagascar,0.7,3.5
2016,Brazil,0.7,3.5
2016,Ecuador,0.7,3.25
2017,Colombia,0.7,4.0
2017,Fiji,0.7,3.25
2018,Madagascar,0.7,4.0
2018,Venezuela,0.7,4.0
2018,Haiti,0.7,3.0
2021,Vietnam,0.7,4.0
2021,Madagascar,0.7,3.5
2021,Venezuela,0.7,3.5
2021,Blend,0.62,3.25
2022,Uganda,0.7,4.0
2024,Tanzania,0.7,4.0
2014,U.S.A.,0.7,3.5
2014,Nicaragua,0.7,3.25
2017,Madagascar,0.7,3.5
2017,Venezuela,0.75,3.5
2017,Tanzania,0.8,3.5
2017,Dominican Republic,0.7,3.25
2017,Ecuador,0.75,3.25
2017,Papua New Guinea,0.77,3.25
2012,Dominican Republic,0.75,3.25
2012,Dominican Republic,0.7,3.0
2012,Dominican Republic,0.8,3.0
2014,Vanuatu,0.72,2.75
2016,Ecuador,0.7,3.75
2016,Madagascar,0.7,3.75
2016,Dominican Republic,0.7,3.5
2017,Dominican Republic,0.7,3.75
2017,Ecuador,0.7,3.5
2017,Peru,0.7,2.75
2021,Madagascar,0.7,3.5
2021,Uganda,0.7,3.5
2021,Belize,0.7,3.25
2023,Tanzania,0.7,3.5
2013,Bolivia,0.7,3.0
2013,Dominican Republic,0.7,3.0
2013,Dominican Republic,0.84,2.25
2022,Belize,0.7,3.5
2022,India,0.7,3.5
2022,Madagascar,0.7,3.25
2015,Ecuador,0.7,3.0
2015,Dominican Republic,0.7,3.0
2015,Guatemala,0.7,3.0
2015,Nicaragua,0.7,3.0
2015,Madagascar,0.7,3.0
2011,India,0.72,3.25
2012,Brazil,0.68,2.75
2014,Ecuador,0.84,3.5
2014,Ecuador,0.7,3.5
2017,Bolivia,0.7,2.5
2012,Philippines,0.75,2.75
2012,Philippines,0.65,2.5
2012,Philippines,0.7,2.5
2013,Belize,0.78,3.25
2013,Madagascar,0.67,2.75
2016,Peru,0.71,3.0
2016,Peru,0.61,2.5
2016,Venezuela,0.6,3.0
2016,Venezuela,0.7,2.75
2015,Sri Lanka,0.7,2.75
2019,Tanzania,0.74,2.75
2022,Peru,0.72,3.25
2021,Trinidad,0.8,3.75
2021,Uganda,0.77,3.5
2021,Honduras,0.72,3.0
2021,Peru,0.72,3.0
2018,Venezuela,0.75,3.25
2018,Belize,0.7,3.0
2018,Brazil,0.7,3.0
2018,Tanzania,0.75,2.75
2018,Peru,0.7,2.5
2020,Peru,0.68,3.25
2020,Papua New Guinea,0.73,3.25
2020,Mexico,0.74,3.0
2011,Venezuela,0.7,3.0
2012,Peru,0.7,3.75
2012,Dominican Republic,0.7,3.25
2012,Madagascar,0.7,3.25
2013,Madagascar,0.7,3.5
2013,Madagascar,0.7,3.5
2013,Nicaragua,0.7,3.25
2014,Cuba,0.7,3.75
2014,Venezuela,0.7,3.5
2015,Ecuador,0.7,3.75
2015,Brazil,0.7,3.5
2015,Ecuador,0.7,3.25
2015,Cuba,0.88,3.25
2015,Madagascar,0.7,3.25
2015,Vietnam,0.7,3.25
2013,Peru,0.7,3.0
2013,Costa Rica,0.7,2.75
2013,Dominican Republic,0.7,2.75
2013,Mexico,0.7,2.5
2015,Papua New Guinea,0.62,3.25
2015,Vietnam,0.6,3.25
2015,Colombia,0.7,3.0
2015,Trinidad,0.77,2.75
2019,Vietnam,0.75,3.0
2019,Vietnam,0.7,2.75
2016,Suriname,0.7,3.25
2019,Peru,0.75,4.0
2019,Peru,0.75,3.25
2019,Venezuela,0.75,3.0
2015,Madagascar,0.75,3.0
2019,Mexico,0.7,3.25
2019,Nicaragua,0.72,3.0
2021,Haiti,0.67,2.75
2007,Dominican Republic,0.7,3.0
2009,Mexico,0.75,2.75
2011,Bolivia,0.87,3.25
2014,Belize,0.68,3.0
2008,Madagascar,0.7,2.75
2008,Ghana,0.7,2.5
2008,Peru,0.7,2.5
2008,Peru,0.7,2.5
2009,Blend,0.68,3.0
2009,Blend,0.6,2.75
2012,Blend,0.99,3.25
2016,Blend,0.62,2.0
2012,Dominican Republic,0.7,3.5
2012,Brazil,0.7,3.5
2012,Ecuador,0.7,3.25
2012,Ecuador,0.7,3.25
2012,Mexico,0.7,3.25
2012,Bolivia,0.67,3.25
2012,Blend,0.7,3.0
2012,Papua New Guinea,0.7,3.0
2012,Madagascar,0.7,3.0
2012,Venezuela,0.8,3.0
2012,Madagascar,0.7,2.75
2012,Bolivia,0.7,2.75
2012,Brazil,0.7,2.75
2012,Peru,0.7,2.0
2014,Madagascar,0.67,3.75
2014,Uganda,0.73,3.75
2014,Ecuador,0.77,3.25
2015,Belize,0.7,3.75
2015,Madagascar,0.7,3.75
2015,Guatemala,0.7,3.75
2015,Dominican Republic,0.7,3.5
2015,Ecuador,0.7,3.25
2015,Peru,0.7,2.75
2019,Bolivia,0.77,3.25
2019,Belize,0.77,3.0
2019,Haiti,0.72,2.75
2015,Peru,0.7,3.0
2007,Madagascar,0.65,3.5
2007,Ghana,0.84,3.0
2007,Blend,0.75,3.0
2007,Ivory Coast,0.75,2.5
2007,Venezuela,0.91,2.0
2012,Congo,0.65,3.25
2015,Peru,0.7,3.25
2019,Ecuador,0.7,3.5
2018,Colombia,0.7,3.25
2018,Colombia,0.7,3.0
2024,El Salvador,0.8,2.75
2016,Belize,0.72,3.75
2019,Tanzania,0.71,2.75
2020,Ecuador,0.75,3.25
2014,Ecuador,0.81,3.25
2012,Tobago,0.7,4.0
2011,Dominican Republic,0.74,3.0
2011,Venezuela,0.72,2.75
2012,Bolivia,0.77,3.0
2018,Belize,0.7,3.5
2018,Bolivia,0.7,3.0
2018,Haiti,0.7,2.75
2019,Colombia,0.7,2.75
2019,Ecuador,0.7,3.5
2014,Dominican Republic,0.72,3.0
2012,Dominican Republic,0.7,3.25
2012,Dominican Republic,0.7,2.75
2020,Guatemala,0.7,3.75
2020,Nicaragua,0.7,3.25
2020,Haiti,0.7,3.25
2021,Philippines,0.7,3.25
2018,Peru,0.7,3.5
2018,Peru,0.73,3.0
2020,Peru,0.7,3.0
2020,Vietnam,0.7,2.75
2020,Honduras,0.7,2.75
2011,Madagascar,0.72,3.5
2011,Dominican Republic,0.73,2.75
2013,Dominican Republic,0.68,3.25
2013,Bolivia,0.75,2.5
2014,Madagascar,0.75,3.5
2015,Ecuador,0.75,3.5
2015,Dominican Republic,0.75,2.75
2017,Tanzania,0.75,3.25
2023,Honduras,0.75,3.5
2023,Madagascar,0.75,3.5
2016,Peru,0.6,3.0
2011,Dominican Republic,0.63,3.75
2017,Guatemala,0.75,3.25
2017,Tanzania,0.75,3.0
2017,Dominican Republic,0.75,2.75
2014,Dominican Republic,0.7,3.0
2014,Nicaragua,0.74,2.75
2016,Tanzania,0.72,3.25
2016,Madagascar,0.72,3.0
2014,Venezuela,0.65,3.25
2017,Colombia,0.7,3.75
2018,Nicaragua,0.7,3.75
2023,Uganda,0.7,3.0
2020,Belize,0.74,3.5
2006,Blend,0.7,3.75
2006,Madagascar,0.64,3.5
2006,Blend,0.66,3.0
2006,Venezuela,0.64,3.0
2006,Trinidad,0.64,2.5
2007,Madagascar,0.64,4.0
2007,Venezuela,0.65,3.75
2007,Venezuela,0.64,3.25
2007,Blend,0.72,3.0
2007,Blend,0.71,2.75
2007,Blend,0.85,2.5
2007,Blend,0.85,1.5
2009,Dominican Republic,0.64,3.75
2009,Ecuador,0.66,3.75
2009,Ghana,0.68,3.5
2011,Venezuela,0.64,4.0
2011,Blend,0.56,3.25
2012,Venezuela,0.69,4.0
2013,Blend,0.7,3.5
2013,Dominican Republic,0.64,3.5
2015,Peru,0.63,4.0
2017,Blend,0.6,3.25
2012,Ghana,0.65,2.75
2012,Ghana,0.72,2.5
2009,Madagascar,0.64,3.25
2009,Madagascar,0.7,3.0
2009,Madagascar,0.68,3.0
2009,Madagascar,0.72,2.75
2009,Madagascar,0.76,2.75
2009,Madagascar,0.8,2.75
2022,Guatemala,0.78,3.5
2015,Bolivia,0.7,3.25
2015,Bolivia,0.7,3.25
2018,Dominican Republic,0.7,3.25
2018,Guatemala,0.7,3.0
2018,Bolivia,0.7,2.75
2012,Blend,0.7,3.25
2013,Blend,0.9,3.75
2014,Trinidad,0.75,3.5
2014,Ecuador,0.75,3.5
2014,Dominican Republic,0.9,3.25
2021,Blend,0.7,3.5
2021,Ecuador,0.75,3.5
2021,Dominican Republic,0.75,3.0
2021,Guatemala,0.75,2.75
2012,Vietnam,0.7,3.5
2024,Peru,0.7,3.5
2014,Peru,0.75,3.0
2007,Ecuador,0.75,3.0
2007,Ecuador,0.65,3.0
2007,Ecuador,1.0,2.0
2007,Ecuador,0.9,2.0
2015,Peru,0.77,3.25
2015,Belize,0.77,3.0
2015,Venezuela,0.77,3.0
2015,Madagascar,0.77,2.75
2015,Guatemala,0.77,2.75
2016,Dominican Republic,0.7,3.0
2016,Peru,0.7,2.5
2016,Venezuela,0.7,2.5
2018,Bolivia,0.7,2.5
2018,Haiti,0.7,2.5
2016,Dominican Republic,0.7,3.5
2016,Peru,0.7,3.5
2017,Samoa,0.77,3.0
2018,Tanzania,0.68,3.0
2018,Bolivia,0.72,3.0
2021,Honduras,0.74,3.75
2021,Trinidad,0.72,3.75
2021,Philippines,0.74,3.5
2021,Uganda,0.72,3.5
2022,Ecuador,0.77,4.0
2022,Jamaica,0.72,3.75
2022,India,0.72,3.75
2022,Colombia,0.72,3.5
2011,Ghana,0.72,2.5
2013,Peru,0.75,3.25
2013,Peru,0.89,2.75
2013,Peru,0.75,2.75
2013,Peru,0.75,2.5
2009,Venezuela,0.72,3.25
2009,Peru,0.7,3.0
2010,Indonesia,0.69,3.75
2010,Venezuela,0.72,3.5
2010,Madagascar,0.71,3.0
2013,Indonesia,1.0,2.25
2014,Colombia,0.88,3.0
2016,Colombia,0.7,4.0
2016,Ghana,0.75,3.75
2016,Bolivia,0.76,3.5
2016,Venezuela,0.74,3.0
2019,Venezuela,0.7,3.5
2019,Belize,0.68,3.25
2021,Dominican Republic,0.7,3.5
2011,Venezuela,0.7,4.0
2011,Dominican Republic,0.7,3.5
2012,Madagascar,0.7,3.25
2012,Costa Rica,0.7,3.0
2012,Ecuador,0.7,2.5
2013,Trinidad,0.7,3.5
2013,Ecuador,0.7,3.25
2014,Peru,0.7,3.0
2021,Tanzania,0.7,3.0
2013,Dominican Republic,0.66,3.0
2019,El Salvador,0.7,3.25
2019,El Salvador,0.75,3.0
2019,El Salvador,0.65,2.75
2020,Peru,0.7,3.5
2020,Nicaragua,0.72,3.5
2020,Tanzania,0.73,3.25
2017,Madagascar,0.7,2.75
2017,Dominican Republic,0.7,2.5
2021,Vietnam,0.7,3.5
2021,Dominican Republic,0.7,3.5
2021,Trinidad,0.7,3.25
2021,Bolivia,0.7,3.0
2015,Belize,0.7,3.5
2015,Dominican Republic,0.7,3.25
2015,Madagascar,0.7,3.25
2015,Peru,0.7,3.25
2015,Papua New Guinea,0.7,3.0
2015,Blend,0.6,3.0
2016,Madagascar,0.7,3.5
2016,Tanzania,0.7,3.5
2016,Trinidad,0.78,3.5
2016,Tanzania,0.85,3.0
2016,Ecuador,0.7,2.75
2016,Trinidad,0.85,2.75
2011,Bolivia,0.72,3.75
2011,Bolivia,0.68,3.5
2011,Papua New Guinea,0.66,3.5
2016,Solomon Islands,0.78,3.75
2016,Blend,0.65,3.25
2018,Nicaragua,0.7,3.75
2018,Nicaragua,0.75,3.25
2018,Nicaragua,0.72,3.0
2018,DR Congo,0.68,3.0
2010,Brazil,0.65,3.0
2011,Peru,0.7,3.75
2011,India,0.65,3.5
2011,India,0.62,3.25
2011,Congo,0.65,3.0
2012,Dominican Republic,0.62,3.75
2012,Dominican Republic,0.7,3.75
2012,Panama,0.72,3.5
2012,Blend,0.65,3.5
2012,Peru,0.7,3.5
2012,Blend,0.58,3.5
2012,Bolivia,0.9,3.25
2012,Congo,0.68,3.25
2012,Peru,0.7,3.0
2012,Ecuador,0.75,3.0
2012,Papua New Guinea,0.75,3.0
2014,Blend,0.8,2.75
2017,Colombia,0.75,3.75
2018,Belize,0.72,3.5
2018,Congo,0.7,3.25
2018,Blend,0.75,3.0
